stationCode	stationName	lat	lng
S05700	ABANO TERME	45.355199	11.811533
S01416	ABBADIA LARIANA	45.895864	9.335175
S12873	ABBASANTA	40.128801	8.817733
S01728	ABBIATE GUAZZONE	45.701903	8.918623
S01062	ABBIATEGRASSO	45.400631	8.921305
S12409	ACATE	36.996592	14.42545
S07423	ACCIANO	42.175994	13.711345
S09215	ACERRA	40.939066	14.372243
S09042	ACERRA(NEW)	40.93947	14.363579
S12328	ACIREALE	37.600514	15.163697
S08715	ACQUA ACETOSA	41.794294	12.616449
S11722	ACQUAFREDDA	40.035527	15.671846
S09798	ACQUAMELA	40.732151	14.770043
S01913	ACQUANEGRA CREMONESE	45.172102	9.888456
S11736	ACQUAPPESA	39.48648	15.955992
S07978	ACQUASPARTA	42.70376	12.54077
S12209	ACQUAVIVA CASTELTERMINI	37.570258	13.674927
S11504	ACQUAVIVA DELLE FONTI	40.892806	16.839826
S12026	ACQUEDOLCI-S.FRATELLO	38.058459	14.587597
S00867	ACQUI TERME	44.67407	8.474482
S11907	ACRI BISIGNANO LUZZI	39.441389	16.245177
S13098	ADELFIA	0.0	4.511256
S05420	ADRIA	45.06058	12.054228
S09044	AFRAGOLA ZONA COMMERCIALE	40.934616	14.357435
S11872	AFRICO NUOVO	38.053759	16.144283
S00804	AGLIANO CASTELNUOVO CALCEA	44.786108	8.267723
S12342	AGNONE DI S.	37.305203	15.077155
S00075	AGOGNATE	45.465139	8.603454
S12213	AGRIGENTO BASSA	37.319148	13.588094
S12216	AGRIGENTO CENTRALE	37.309051	13.584412
S11705	AGROPOLI CASTELLABATE	40.351521	15.002053
S08550	AIELLI	42.061964	13.581577
S00514	AIRASCA	44.928093	7.483536
S04481	AIROLE	43.870494	7.552757
S01515	AIRUNO	45.754086	9.422066
S02049	ALA	45.760087	10.996775
S07708	ALANNO	42.287185	14.019595
S02566	ALANO FENER VALDOBBIADENE	45.90229	11.944546
S04515	ALASSIO	44.007889	8.17112
S00825	ALBA	44.697713	8.030629
S07800	ALBA ADRIATICA-NERETO-CONTROGUERRA	42.83438	13.91733
S07207	ALBACINA	43.345686	12.986501
S01059	ALBAIRATE-VERMEZZO	45.40435	8.957308
S11453	ALBANO DI LUCANIA	40.574707	16.021247
S08704	ALBANO LAZIALE	41.72632	12.658056
S01534	ALBANO S.ALESSANDRO	45.682744	9.768027
S09004	ALBANOVA	40.996117	14.128596
S02538	ALBAREDO	45.670265	12.015104
S01450	ALBATE-TRECALLO	45.777391	9.095752
S04516	ALBENGA	44.04722	8.221663
S08001	ALBERESE	42.634158	11.1352
S06067	ALBERGO	-9.019376	4.511247
S13126	ALBEROBELLO	0.0	4.511256
S08003	ALBINIA	42.502165	11.21134
S04529	ALBISOLA	44.33469	8.512092
S01209	ALBIZZATE SOLBIATE ARNO	45.724117	8.80621
S00033	ALBONESE	45.297785	8.714601
S01863	ALBUZZANO	45.172504	9.261624
S12116	ALCAMO	37.93891	12.926125
S12150	ALCAMO DIRAMAZIONE	37.978894	12.915916
S12320	ALCANTARA	37.82145	15.251158
S00470	ALESSANDRIA	44.909091	8.606498
S13192	ALESSANO CORSANO	0.0	4.511256
S13171	ALEZIO	0.0	4.511256
S08908	ALFEDENA-SCONTRONE	41.738222	14.044662
S05808	ALFONSINE	44.512364	12.039155
S12310	ALI' TERME	38.013952	15.435184
S00809	ALICE BELCOLLE	44.722636	8.440076
S09020	ALIFE	-9.019376	4.511247
S08202	ALLERONA-CASTEL VISCARDO	42.78502	12.035236
S00216	ALPIGNANO	45.091077	7.523745
S11307	ALTAMURA	40.837666	16.551739
S04810	ALTARE	44.336169	8.332753
S09511	ALTAVILLA IRPINA	41.015265	14.782833
S12011	ALTAVILLA MILICIA	38.048392	13.554421
S02444	ALTAVILLA TAVERNELLE	45.511805	11.454702
S06407	ALTOPASCIO	43.817418	10.672754
S08206	ALVIANO	42.591917	12.259583
S09023	ALVIGNANO	-9.019376	4.511247
S11744	AMANTEA	39.134353	16.068448
S01527	AMBIVERE MAPELLO	45.722163	9.550444
S11051	AMENDOLA	41.518025	15.732569
S11807	AMENDOLARA ORIOLO	39.933731	16.60308
S09306	AMOROSI MELIZZANO	41.173509	14.470759
S08658	ANAGNI-FIUGGI	41.71037	13.09597
S07113	ANCONA	43.607734	13.497665
S07116	ANCONA MARITTIMA	43.619445	13.50911
S07114	ANCONA STADIO	43.55148	13.521705
S07015	ANCONA TORRETTE	43.609936	13.455777
S02141	ANCONETTA	45.565249	11.567865
S04525	ANDORA	43.961799	8.127461
S13188	ANDRANO-CASTIGLIONE	0.0	4.511256
S09031	ANFITEATRO	41.082491	14.25479
S09812	ANGRI	40.746404	14.575366
S08318	ANGUILLARA	42.068133	12.304978
S11870	ANNA'	37.92547	15.748533
S02769	ANNONE VENETO	45.774904	12.680334
S06727	ANTIGNANO	43.492482	10.328827
S07408	ANTRODOCO BORGO VELINO	42.415393	13.076193
S07435	ANTRODOCO CENTRO	42.409844	13.07096
S08537	ANVERSA-VILLALAGO-SCANNO	42.017261	13.835618
S01453	ANZANO DEL PARCO	45.764965	9.202676
S08709	ANZIO	41.4532	12.633205
S08713	ANZIO COLONIA	41.459893	12.617442
S05386	ANZOLA DELL'EMILIA	44.542246	11.195379
S00137	AOSTA	45.73407	7.322424
S00143	AOSTA ISTITUTO	45.732938	7.303076
S00146	AOSTA VIALE EUROPA	45.733294	7.297371
S09314	APICE S.ARCANGELO BONITO	41.140927	14.918733
S08328	APPIANO	41.909342	12.43838
S11024	APRICENA	41.77664	15.387809
S11675	APRICENA CITTA'	41.770669	15.375275
S08705	APRILIA	41.592386	12.639126
S09623	AQUILONIA	40.940252	15.541249
S12370	ARAGONA CALDARE	37.381097	13.636837
S06811	ARBIA	43.294393	11.406225
S09838	ARBOSTELLA	40.677263	15.623814
S08861	ARCE	41.583695	13.571848
S01608	ARCENE	45.577162	9.606652
S07992	ARCHI	0.0	4.511256
S01203	ARCISATE	45.858579	8.86241
S06006	ARCOLA	44.118651	9.914649
S01510	ARCORE	45.623493	9.322798
S12817	ARDARA	40.632139	8.818996
S01427	ARDENNO MASINO	46.16198	9.651374
S11853	ARDORE	38.175698	16.207311
S09839	ARECHI	40.648221	14.824824
S01947	ARENA PO	45.082065	9.360394
S04533	ARENZANO	44.403089	8.678322
S06915	AREZZO	43.461725	11.874189
S06086	AREZZO CASELLO 1	43.470718	11.874621
S06063	AREZZO PESCAIOLA	43.461716	11.874176
S05804	ARGENTA	44.616867	11.841267
S09316	ARIANO IRPINO	41.181883	15.117508
S01020	ARONA	45.755392	8.559075
S01092	AROSIO	45.718372	9.210269
S09017	ARPAIA	-9.019376	4.511247
S08859	ARPINO	41.648296	13.59959
S05707	ARQUA'	45.006465	11.748518
S04207	ARQUATA SCRIVIA	44.692533	8.885342
S08516	ARSOLI	42.045852	13.013064
S03021	ARTEGNA	46.23115	13.162328
S01779	ARTOGNE - GIANICO	45.858661	10.15896
S00134	ARVIER	45.704259	7.166681
S02841	ARZERGRANDE	45.274767	12.039716
S11711	ASCEA	40.140955	15.172626
S06813	ASCIANO	43.235245	11.579237
S06825	ASCIANO MONTE OLIVETO MAGGIORE	43.231706	11.563621
S07550	ASCOLI PICENO	42.855474	13.587939
S11203	ASCOLI SATRIANO	41.219859	15.547828
S01847	ASOLA	45.220454	10.402313
S12889	ASSEMINI	39.287603	8.997936
S12809	ASSEMINI CARMINE	39.28179	9.013726
S12808	ASSEMINI S.LUCIA	39.291036	8.989286
S07008	ASSISI	43.058921	12.585304
S01101	ASSO	45.855228	9.268513
S00462	ASTI	44.89479	8.208112
S07998	ATELETA	41.862113	14.239204
S09904	ATENA	40.456676	15.536094
S08207	ATTIGLIANO-BOMARZO	42.518054	12.294761
S12345	AUGUSTA	37.24334	15.218628
S09902	AULETTA	40.534934	15.426706
S06168	AULLA	44.209662	9.970632
S06013	AULLA LUNIGIANA	44.210555	9.970015
S03550	AURISINA	45.753943	13.687706
S09514	AVELLINO	40.921612	14.820586
S09006	AVERSA	40.973323	14.218578
S08526	AVEZZANO	42.039495	13.426446
S03087	AVIANO	46.064362	12.590686
S00214	AVIGLIANA	45.085276	7.401096
S11214	AVIGLIANO LUCANIA	40.714667	15.785619
S02050	AVIO	45.733892	10.955842
S00133	AVISE	45.706296	7.131285
S12426	AVOLA	36.907434	15.125733
S06081	BACIANO	-9.019376	4.511247
S06826	BADESSE	43.382144	11.277136
S02370	BADIA POLESINE	45.094439	11.484722
S11841	BADOLATO	38.572268	16.567646
S05185	BAGGIOVARA	0.0	4.511256
S05186	BAGGIOVARA OSPEDALE	0.0	4.511256
S12008	BAGHERIA	38.089905	13.507215
S05902	BAGNACAVALLO	44.412138	11.969398
S11770	BAGNARA	38.282695	15.800327
S03123	BAGNARIA ARSA	45.885513	13.282026
S00921	BAGNASCO	44.303264	8.046132
S06308	BAGNI DI LUCCA	44.003447	10.551631
S08504	BAGNI DI TIVOLI	41.949593	12.722208
S09102	BAGNOLI AGNANO TERME	40.819444	14.166694
S09613	BAGNOLI IRPINO	40.83917	15.06324
S13196	BAGNOLO DEL SALENTO	0.0	4.511256
S05946	BAGNOLO IN PIANO	0.0	4.511256
S01901	BAGNOLO MELLA	45.428532	10.183617
S05945	BAGNOLO SOAVE	0.0	4.511256
S07224	BAIANO DI SPOLETO	42.726238	12.663615
S00094	BALANGERO	45.265633	7.519423
S07964	BALANZANO	43.068133	12.402049
S00460	BALDICHIERI-TIGLIOLE	44.899204	8.091198
S13144	BALERNA	45.837564	9.0
S12122	BALESTRATE	38.053364	13.007374
S08856	BALSORANO	41.809427	13.556546
S09830	BALVANO RICIGLIANO	40.649993	15.495304
S00178	BALZOLA	45.173985	8.402174
S00732	BANDITO	44.722075	7.819452
S09832	BARAGIANO-RUOTI	40.695213	15.569206
S09458	BARANELLO	41.5176	14.596314
S01741	BARASSO - COMERIO	45.835268	8.751036
S06806	BARBERINO DI VAL D'ELSA	43.499322	11.11111
S01932	BARBIANELLO	45.07263	9.204165
S05905	BARBIANO	44.387263	11.878086
S12971	BARBUSI	39.203024	8.501702
S12041	BARCELLONA-CASTROREALE	38.14918	15.212499
S05929	BARCO	0.0	4.511256
S00202	BARDONECCHIA	45.076447	6.709959
S06303	BARGA GALLICANO	44.068114	10.451938
S13094	BARI CEGLIE-CARBONARA	0.0	4.511256
S11119	BARI CENTRALE	41.11774	16.869601
S11251	BARI LOSETO	41.067513	16.844002
S11118	BARI PALESE MACCHIE	41.151583	16.766902
S11148	BARI PARCO NORD	41.123916	16.837018
S11125	BARI PARCO SUD	41.111822	16.914736
S11513	BARI S.ANDREA	41.105467	16.830255
S11150	BARI S.GIORGIO	41.093779	16.950084
S11250	BARI S.RITA	41.085361	16.846137
S11116	BARI S.SPIRITO	41.159653	16.746324
S13092	BARI SUD EST	0.0	4.511256
S41487	BARI TERMINAL BUS	41.11774	16.869601
S11126	BARI TORRE A MARE	41.082637	16.995772
S11004	BARI TORRE QUETTA	41.097236	16.95526
S11003	BARI VILLAGGIO DEL LAVORATORE	0.0	4.511256
S11120	BARI ZONA INDUSTRIALE	41.128061	16.826528
S05419	BARICETTA	45.060889	11.995348
S11208	BARILE	40.943044	15.670959
S01926	BARLASSINA	45.657941	9.139177
S11108	BARLETTA	41.315227	16.278867
S09520	BARONISSI	40.743779	14.77224
S08204	BASCHI-MONTECCHIO	42.68685	12.203496
S02832	BASILIANO	46.012737	13.109233
S02520	BASSANO DEL GRAPPA	45.766697	11.741525
S08208	BASSANO IN TEVERINA	42.483551	12.333556
S08312	BASSANO ROMANO	42.212444	12.152302
S07007	BASTIA	43.07133	12.547735
S00908	BASTIA MONDOVI`	44.439398	7.891671
S05702	BATTAGLIA TERME	45.291475	11.77838
S09823	BATTIPAGLIA	40.605789	14.98324
S07941	BAUCCA-GARAVELLE	43.414393	12.260832
S12875	BAULADU MILIS	40.020722	8.687123
S01015	BAVENO	45.909105	8.502121
S00807	BAZZANA	44.777094	8.401557
S07436	BAZZANO	42.34009	13.418396
S05975	BAZZANO (FER)	44.505002	11.083525
S00203	BEAULARD	45.046495	6.759713
S07422	BEFFI	42.197341	13.660759
S00901	BEINETTE	44.36782	7.644884
S01864	BELGIOIOSO	45.16456	9.316875
S01017	BELGIRATE	45.843337	8.570821
S09831	BELLA MURO	40.700914	15.542936
S01409	BELLANO TARTAVALLE TERME	46.039448	9.302776
S07902	BELLANTE RIPATTONE	42.705775	13.837978
S05817	BELLARIA	44.150249	12.461168
S11512	BELLAVISTA	40.517077	17.176892
S00985	BELLINZAGO	45.566681	8.627652
S07061	BELLISIO SOLFARE	43.520379	12.823977
S02559	BELLUNO	46.141594	12.209703
S11743	BELMONTE CALABRO	39.164427	16.064515
S11732	BELVEDERE MARITTIMO	39.616549	15.853039
S09311	BENEVENTO	41.141901	14.769998
S09011	BENEVENTO APPIA	41.133118	14.765638
S09530	BENEVENTO ARCO TRAIANO	41.136834	14.777662
S09509	BENEVENTO PORTA RUFINA	41.123564	14.784315
S09012	BENEVENTO RIONE LIBERTA'	-9.019376	4.511247
S06158	BERCETO	44.555912	9.931759
S12859	BERCHIDDA	40.772052	9.181312
S00838	BERGAMASCO	44.819891	8.461447
S01529	BERGAMO	45.690271	9.675082
S01530	BERGAMO OSPEDALE	45.691601	9.667854
S11460	BERNALDA	40.397616	16.682281
S01488	BESANA	45.702824	9.28288
S01145	BESNATE	45.695409	8.761072
S01141	BESOZZO	45.842188	8.662997
S01007	BEURA CARDEZZA	46.068341	8.289627
S04482	BEVERA	43.825303	7.579157
S02391	BEVILACQUA	45.230145	11.398643
S05119	BIAGIONI LAGACCI	44.086359	10.948257
S11855	BIANCO	38.089072	16.153348
S00238	BIANZE'	45.309488	8.115523
S01438	BIANZONE	46.179383	10.112507
S01483	BIASSONO-LESMO PARCO	45.632209	9.298408
S05927	BIBBIANO	0.0	4.511256
S05928	BIBBIANO FOSSA	0.0	4.511256
S05926	BIBBIANO VIA MONTI	0.0	4.511256
S06076	BIBBIENA	-9.019376	4.511247
S06077	BIBBIENA CORSALONE	-9.019376	4.511247
S00522	BIBIANA	44.809941	7.285727
S12338	BICOCCA	37.460617	15.044594
S00970	BIELLA CHIAVAZZA	45.568084	8.066787
S00070	BIELLA S.PAOLO	45.557334	8.067541
S06611	BIFORCO	44.068431	11.602243
S11113	BISCEGLIE	41.235445	16.499484
S00870	BISTAGNO	44.659256	8.372057
S01202	BISUSCHIO-VIGGIU'	45.870658	8.887544
S11501	BITETTO PALO DEL COLLE	41.041481	16.74053
S11252	BITRITTO	41.049666	16.841869
S05930	BIVIO BARCO	0.0	4.511256
S03036	BIVIO CARGNACCO	46.007733	13.247325
S00027	BIVIO CASTELROSSO	45.201871	7.932861
S03313	BIVIO D'AURISINA	45.754253	13.655777
S00029	BIVIO MADONNA DELL`OLMO	44.414078	7.546234
S06056	BIVIO MORTELLINI	43.661224	10.369478
S11751	BIVIO PANTANI	39.346697	16.046631
S09714	BIVIO S.LUCIA (NA)	40.742888	14.682744
S03039	BIVIO SAN POLO	45.81393	13.526626
S00005	BIVIO SESIA	45.338661	8.441797
S11755	BIVIO SETTIMO	39.381416	16.222002
S08667	BIVIO/P.C. SGURGOLA	41.527485	13.547101
S06008	BIVIO/PC ARCOLA	44.074771	10.015803
S01778	BOARIO TERME	45.891924	10.190831
S09763	BOCCIA AL MAURO	40.732794	14.471878
S04709	BOGLIASCO	44.379207	9.066042
S09453	BOIANO	41.487883	14.474551
S02839	BOJON	45.336404	12.08056
S06028	BOLGHERI	43.244664	10.550548
S01071	BOLLATE CENTRO	45.545604	9.12021
S01072	BOLLATE NORD	45.552723	9.112269
S05100	BOLOGNA BORGO PANIGALE	44.515024	11.284728
S05046	BOLOGNA C.LE/AV	44.50626	11.342267
S05043	BOLOGNA CENTRALE	44.50626	11.342267
S05725	BOLOGNA CORTICELLA	44.551985	11.35401
S05020	BOLOGNA FIERE	44.512742	11.368809
S05099	BOLOGNA INTERPORTO	44.490404	11.274884
S05140	BOLOGNA MAZZINI	44.482284	11.376271
S05042	BOLOGNA RAVONE	44.510244	11.320029
S05989	BOLOGNA RIMESSE	0.0	4.511256
S05019	BOLOGNA ROVERI	0.0	4.511256
S05990	BOLOGNA S.RITA	0.0	4.511256
S05130	BOLOGNA S.RUFFILLO	44.462657	11.372967
S05081	BOLOGNA S.VITALE	44.496288	11.373073
S05991	BOLOGNA VIA LARGA	0.0	4.511256
S05086	BOLOGNA ZANARDI	44.514775	11.333977
S05016	BOLOGNA ZANOLINI	44.494504	11.359241
S02026	BOLZANO	46.496346	11.358556
S02059	BOLZANO CASANOVA	46.478258	11.318873
S00014	BOLZANO NOVARESE	45.759357	8.440754
S02226	BOLZANO SUD	46.472617	11.33334
S07993	BOMBA TORRICELLA	-9.019376	4.511247
S04730	BONASSOLA	44.184867	9.582673
S05165	BONDENO	-9.019376	4.511247
S09464	BONEFRO S.CROCE	41.710522	14.860799
S02383	BONFERRARO	45.185651	11.009247
S12867	BONORVA	40.417763	8.760707
S04503	BORDIGHERA	43.778313	7.663504
S05963	BORETTO	0.0	4.511256
S00086	BORGARO	-9.019376	4.511247
S06100	BORGHETTO PARMENSE	44.837198	10.1177
S04518	BORGHETTO S.SPIRITO	44.109006	8.242346
S02051	BORGHETTO SULL'ADIGE	45.696721	10.927083
S04521	BORGIO VEREZZI	44.157722	8.30908
S09526	BORGO	40.845976	14.784092
S06410	BORGO A BUGGIANO	43.880724	10.730079
S06309	BORGO A MOZZANO	43.977207	10.541285
S04214	BORGO FORNARI PER VOLTAGGIO	44.588379	8.938295
S00032	BORGO LAVEZZARO	45.318783	8.703242
S00171	BORGO REVEL	45.189827	8.02021
S00613	BORGO S.DALMAZZO	44.326249	7.486111
S06604	BORGO S.LORENZO	43.959822	11.380422
S06704	BORGO S.LORENZO RIMORELLI	43.953279	11.400076
S00315	BORGO S.MARTINO	45.087083	8.520661
S00981	BORGO TICINO	45.691943	8.602483
S06161	BORGO VAL DI TARO	44.486522	9.781489
S02313	BORGO VALSUGANA CENTRO	46.051182	11.453967
S02314	BORGO VALSUGANA EST	46.05224	11.462119
S00246	BORGO VERCELLI	45.359252	8.461474
S02021	BORGOCHIESANUOVA	45.149462	10.769481
S02338	BORGOFORTE	45.050328	10.752388
S00152	BORGOFRANCO	45.514775	7.854612
S01830	BORGOLOMBARDO	45.403856	9.27111
S00016	BORGOMANERO	45.701054	8.468093
S01788	BORGONATO - ADRO	45.62222	10.020094
S00210	BORGONE	45.123191	7.236037
S05152	BORGONUOVO	44.443261	11.274964
S00860	BORGORATTO	44.835999	8.538182
S00104	BORGOSESIA	45.716798	8.28239
S01789	BORNATO - CALINO	45.590419	10.03321
S12872	BORORE	40.218992	8.809535
S02390	BOSCHI S.ANNA	45.217328	11.362302
S09452	BOSCO REDOLE	41.459299	14.587884
S00882	BOSCONERO	45.267522	7.761787
S09754	BOSCOREALE	40.770786	14.48017
S11829	BOTRICELLO	38.933943	16.857433
S03057	BOTTENICCO	46.062141	13.371818
S11860	BOVA MARINA	37.930269	15.923897
S11854	BOVALINO	38.149087	16.180584
S09321	BOVINO DELICETO	41.27835	15.369255
S01085	BOVISIO MASCIAGO	45.611998	9.141423
S02363	BOVOLONE	45.254446	11.123862
S01920	BOZZOLO	45.107246	10.472655
S00821	BRA	44.693556	7.848643
S08315	BRACCIANO	42.103667	12.173023
S04803	BRAGNO	44.371679	8.304473
S11857	BRANCALEONE	37.965475	16.103301
S00231	BRANDIZZO	45.178915	7.841218
S00622	BREIL SUR ROYA	43.890267	7.530915
S01452	BRENNA-ALZATE	45.754044	9.183312
S02001	BRENNERO	47.004117	11.505711
S01005	BRENO	45.959216	10.305721
S05964	BRESCELLO-VIADANA	0.0	4.511256
S01717	BRESCIA	45.532315	10.212828
S01797	BRESCIA BORGO SAN GIOVANNI	45.543087	10.19086
S01813	BRESCIA EST PIAZZALE SUD	45.523316	10.212652
S17451	BRESCIA VIOLINO	45.550854	10.159419
S01930	BRESSANA ARGINE	45.072739	9.137038
S01805	BRESSANA BOTTARONE	45.086298	9.110602
S02014	BRESSANONE	46.710088	11.649677
S11757	BRIATICO	38.725447	16.025765
S00521	BRICHERASIO	44.824336	7.307513
S11136	BRINDISI	40.634339	17.938978
S11123	BRINDISI CITTADELLA DELLA RICERCA	41.109075	16.910149
S11451	BRINDISI DI MONTAGNA	40.611991	15.955795
S11137	BRINDISI MARITTIMA	40.633543	17.94863
S11139	BRINDISI PERRINO	40.634671	17.939215
S00113	BRIONA	45.538568	8.479541
S06614	BRISIGHELLA	44.220565	11.769757
S12031	BROLO FICARRA	38.159204	14.830176
S01944	BRONI	45.066263	9.258751
S02030	BRONZOLO	46.40505	11.315833
S00424	BROZOLO	45.121299	8.05893
S12153	BRUCA	37.946836	12.793178
S12344	BRUCOLI	37.272883	15.186876
S02107	BRUNICO	46.794922	11.929989
S02060	BRUNICO NORD	46.800728	11.936962
S00837	BRUNO	44.797947	8.439639
S00209	BRUZOLO DI SUSA	45.131032	7.201497
S09828	BUCCINO S.GREGORIO MAGNO	40.600806	15.374199
S06911	BUCINE	43.480478	11.617609
S03088	BUDOIA POLCENIGO	46.031464	12.537637
S05017	BUDRIO	0.0	4.511256
S05996	BUDRIO CENTRO	0.0	4.511256
S08538	BUGNARA	42.031166	13.862082
S06874	BUONCONVENTO	43.135503	11.483773
S12016	BUONFORNELLO	37.972052	13.816408
S00054	BURONZO	45.47179	8.2667
S02595	BUSA DI VIGONZA	45.429216	11.947733
S04215	BUSALLA	44.57558	8.943611
S00704	BUSCA	44.520585	7.481589
S02563	BUSCHE LENTIAI MEL	46.040092	11.979251
S01963	BUSSETO	44.974692	10.038909
S07704	BUSSI	42.194154	13.849075
S00208	BUSSOLENO	45.139631	7.144819
S01031	BUSTO ARSIZIO	45.616164	8.865031
S01137	BUSTO ARSIZIO NORD	45.606048	8.851449
S12406	BUTERA	37.145078	14.171691
S01482	BUTTAFAVA	45.62141	9.301185
S05301	BUTTAPIETRA	45.338787	10.988059
S03029	BUTTRIO	46.012664	13.329039
S05993	CA' DELL'ORBO	0.0	4.511256
S01088	CABIATE	45.675913	9.168547
S05006	CADEO	44.967283	9.853181
S01759	CADORAGO	45.729908	9.04114
S12891	CAGLIARI	39.216078	9.107984
S12890	CAGLIARI ELMAS	39.264193	9.045497
S12810	CAGLIARI S.GILLA	39.227794	9.096391
S09025	CAIAZZO	-9.019376	4.511247
S00879	CAIRO MONTENOTTE	44.394747	8.278786
S12851	CALA SABINA	41.011012	9.5881
S02550	CALALZO PIEVE CADORE CORTINA	46.443829	12.388668
S00833	CALAMANDRANA	44.738986	8.331572
S12321	CALATABIANO	37.814684	15.226568
S12151	CALATAFIMI	37.938858	12.856156
S06080	CALBENZANO	-9.019376	4.511247
S02307	CALCERANICA	46.007384	11.240713
S11455	CALCIANO	40.595117	16.202526
S01117	CALDE'	45.945812	8.663157
S05010	CALDERARA-BARGELLINO	44.544078	11.267446
S02437	CALDIERO	45.41407	11.169753
S02308	CALDONAZZO	45.997575	11.264815
S06417	CALENZANO	43.856429	11.14537
S09620	CALITRI PESCOPAGANO	40.884932	15.427962
S02047	CALLIANO	45.948299	11.076671
S01524	CALOLZIOCORTE OLGINATE	45.801619	9.42698
S11815	CALOPEZZATI	39.579022	16.819361
S12270	CALTAGIRONE	37.225276	14.521165
S12381	CALTANISSETTA CENTRALE	37.48829	14.057396
S12380	CALTANISSETTA XIRBI	37.536296	14.056902
S00020	CALTIGNAGA	45.519167	8.591602
S01503	CALUSCO	45.684113	9.470646
S00158	CALUSO	45.303194	7.902568
S01843	CALVISANO	45.346572	10.349411
S06043	CAMAIORE LIDO CAPEZZANO	43.912176	10.24765
S06804	CAMBIANO	43.631183	10.958997
S00456	CAMBIANO SANTENA	44.966491	7.773225
S07021	CAMERANO ASPIO	43.518969	13.525841
S12207	CAMMARATA S.GIOVANNI GEMINI	37.653759	13.673791
S01316	CAMNAGO-LENTATE	45.668425	9.133451
S04716	CAMOGLI S.FRUTTUOSO	44.348166	9.156743
S09825	CAMPAGNA SERRE PERSANO	40.595667	15.113986
S02837	CAMPAGNALUPIA - CAMPONOGARA	45.366785	12.093485
S07219	CAMPELLO SUL CLITUNNO	42.822814	12.761253
S13115	CAMPI SALENTINA	0.0	4.511256
S06031	CAMPIGLIA MARITTIMA	43.017118	10.586558
S08706	CAMPO DI CARNE	41.552116	12.635125
S08903	CAMPO DI GIOVE	42.007967	14.041492
S08919	CAMPO DI GIOVE-MONTE MAIELLA	41.993262	14.069088
S09626	CAMPO DI NUSCO	40.879143	15.129255
S02007	CAMPO DI TRENS	46.869076	11.488231
S04105	CAMPO LIGURE-MASONE	44.530909	8.700878
S09459	CAMPOBASSO	41.558137	14.66393
S12112	CAMPOBELLO DI MAZARA	37.636256	12.733165
S12385	CAMPOBELLO RAVANUSA	37.265731	13.946251
S02527	CAMPODARSEGO	45.505721	11.900894
S12017	CAMPOFELICE	37.992615	13.876549
S12211	CAMPOFRANCO	37.510105	13.686777
S09505	CAMPOLATTARO	41.285869	14.726853
S08602	CAMPOLEONE	41.642396	12.648341
S09462	CAMPOLIETO MONACILIONI	41.642573	14.76544
S02840	CAMPOLONGO MAGGIORE	45.31862	12.05364
S11454	CAMPOMAGGIORE	40.550772	16.086766
S11020	CAMPOMARINO	41.957398	15.042416
S12815	CAMPOMELA	40.68139	8.638875
S06659	CAMPOMIGLIAIO	43.937241	11.303593
S11745	CAMPORA S.GIOVANNI SERRA AIELLO	39.068402	16.09102
S00889	CAMPORE	45.403067	7.622602
S06324	CAMPORGIANO	44.161448	10.334849
S02525	CAMPOSAMPIERO	45.568922	11.928293
S05314	CAMPOSANTO	44.787527	11.143587
S06921	CAMUCIA CORTONA	43.261104	11.971245
S05709	CANARO	44.923012	11.675223
S08735	CANCELLIERA	41.710587	12.621758
S09213	CANCELLO	40.993063	14.418877
S09002	CANCELLO ARNONE	41.063369	14.02901
S11204	CANDELA-S.AGATA DI PUGLIA	41.151439	15.533163
S00071	CANDELO	45.547433	8.100103
S00157	CANDIA CANAVESE	45.329824	7.891819
S00333	CANDIA LOMELLINA	45.179911	8.593156
S11105	CANDIDA	41.346664	15.996588
S00512	CANDIOLO	44.961155	7.598973
S01011	CANDOGLIA ORNAVASSO	45.977489	8.419715
S01034	CANEGRATE	45.569235	8.926593
S00832	CANELLI	44.716716	8.294544
S07429	CANETRA	42.391578	13.029159
S12375	CANICATTI'	37.359879	13.855395
S12812	CANIGA	40.716116	8.526395
S08812	CANISTRO	41.941031	13.412163
S07009	CANNARA	43.019591	12.628709
S11406	CANNE DELLA BATTAGLIA	41.294583	16.146169
S01848	CANNETO SULL'OGLIO	45.150211	10.37147
S12330	CANNIZZARO	37.54711	15.129698
S13195	CANNOLE	0.0	4.511256
S11402	CANOSA DI PUGLIA	41.218556	16.053906
S07943	CANOSCIO	43.361153	12.233296
S08902	CANSANO	41.983172	13.996947
S08907	CANSANO SCAVI DI OCRITICUM	41.981004	13.984711
S00841	CANTALUPO	44.864787	8.551357
S09451	CANTALUPO DEL SANNIO	41.5174	14.6671
S01206	CANTELLO GAGGIOLO	45.846524	8.903408
S01451	CANTU'	45.752316	9.130321
S01313	CANTU'-CERMENATE	45.716236	9.099284
S01099	CANZO	45.849053	9.270187
S01970	CAORSO	45.042048	9.868157
S11702	CAPACCIO ROCCADASPIDE	40.454518	15.013551
S12128	CAPACI	38.171811	13.232432
S12145	CAPACI	38.171794	13.232398
S08006	CAPALBIO	42.407974	11.370982
S08672	CAPANNELLE	41.830713	12.568884
S13108	CAPECE	0.0	4.511256
S08850	CAPISTRELLO	41.97051	13.399276
S11734	CAPO BONIFATI	39.558342	15.874052
S12030	CAPO D'ORLANDO-NASO	38.157941	14.744844
S01771	CAPO DI PONTE	46.03099	10.346512
S11858	CAPO SPARTIVENTO	37.924778	16.058342
S08804	CAPOCROCE	41.399448	13.20519
S07215	CAPODACQUA PIEVE FANONICA	43.026769	12.7541
S06083	CAPOLONA	-9.019376	4.511247
S08525	CAPPELLE-MAGLIANO	42.059369	13.372468
S01603	CAPRALBA	45.443871	9.640015
S08311	CAPRANICA-SUTRI	42.245195	12.157194
S08110	CAPRAROLA	42.303815	12.258238
S09061	CAPRIATI AL VOLTURNO	41.44279	14.070664
S01622	CAPRIOLO	45.64556	9.933806
S03301	CAPRIVA	45.938764	13.517494
S09208	CAPUA	41.101306	14.210347
S13118	CAPURSO	0.0	4.511256
S01486	CARATE-CALO'	45.676451	9.252304
S01602	CARAVAGGIO	45.491158	9.637723
S05120	CARBONA	44.246876	11.09618
S04300	CARBONARA SCRIVIA	44.860173	8.853772
S12818	CARBONIA SERBARIU	39.169508	8.509186
S12972	CARBONIA STATO	39.169507	8.509166
S00839	CARENTINO	44.831303	8.470474
S11818	CARIATI	39.496884	16.952018
S01315	CARIMATE	45.697094	9.107188
S12127	CARINI	38.147696	13.186624
S12799	CARINI TORRE CIACHEA	38.16149	13.219641
S00055	CARISIO	45.403164	8.21249
S00601	CARMAGNOLA	44.846944	7.72797
S13147	CARMIANO-MAGLIANO	0.0	4.511256
S02532	CARMIGNANO DI BRENTA	45.621354	11.714891
S01511	CARNATE USMATE	45.653072	9.375089
S03016	CARNIA	46.373634	13.132847
S12025	CARONIA	38.034475	14.443761
S01076	CARONNO PERTUSELLA	45.5982	9.058225
S11133	CAROVIGNO	40.737337	17.683791
S08914	CAROVILLI-ROCCASICURA	41.712485	14.299732
S02502	CARPANE'-VALSTAGNA	45.860128	11.661183
S02349	CARPI	44.782919	10.891952
S00971	CARPIGNANO SESIA	45.528934	8.422898
S09050	CARPINONE	41.588038	14.326783
S06005	CARRARA AVENZA	44.051239	10.062927
S08533	CARRITO-ORTONA	42.026506	13.720179
S12326	CARRUBA	37.694344	15.196143
S00738	CARRU` CLAVESANA	44.479548	7.891414
S08519	CARSOLI	42.09578	13.080388
S01091	CARUGO - GIUSSANO	45.705765	9.198916
S08730	CASABIANCA	41.788327	12.60431
S09465	CASACALENDA GUARDIALFIERA	41.738109	14.849602
S11309	CASAL SABINI	40.799021	16.647908
S07821	CASALBORDINO POLLUTRI	42.193653	14.633045
S09910	CASALBUONO	40.214093	15.686095
S01609	CASALBUTTANO	45.255398	9.962361
S00314	CASALE MONFERRATO	45.133928	8.460292
S00179	CASALE POPOLO	45.160434	8.44055
S05967	CASALECCHIO CERETOLO	44.480698	11.260907
S05101	CASALECCHIO DI RENO	44.474298	11.276097
S05111	CASALECCHIO GARIBALDI	44.482995	11.272474
S05968	CASALECCHIO PALASPORT	0.0	4.511256
S00972	CASALEGGIO	45.491298	8.490369
S01604	CASALETTO VAPRIO	45.408641	9.631746
S05982	CASALGRANDE	0.0	4.511256
S01850	CASALMAGGIORE	44.993139	10.425023
S09216	CASALNUOVO	40.915559	14.35296
S09043	CASALNUOVO(NEW)	40.916092	14.3415
S01827	CASALPUSTERLENGO	45.182473	9.653627
S13099	CASAMASSIMA	0.0	4.511256
S13157	CASARANO	0.0	4.511256
S02830	CASARSA	45.953002	12.8406
S06505	CASCINA	43.674542	10.545225
S00087	CASELLE TORINESE	-9.019376	4.511247
S02836	CASELLO 11	45.385527	12.09712
S02838	CASELLO 8	45.356234	12.091209
S07027	CASELLO KM 19	41.978522	13.979691
S09211	CASERTA	41.068655	14.328457
S05184	CASINALBO	0.0	4.511256
S06751	CASINO DI TERRA	43.328581	10.662975
S01457	CASLETTO-ROGENO	45.786028	9.275375
S01758	CASLINO AL PIANO	45.711106	9.040214
S01098	CASLINO D'ERBA	45.835149	9.23243
S07991	CASOLI	-9.019376	4.511247
S01029	CASORATE SEMPIONE	45.675075	8.743954
S09009	CASORIA-AFRAGOLA	40.907762	14.29874
S01490	CASSAGO-NIBIONNO-BULCIAGO	45.746243	9.279834
S11900	CASSANO ALL`IONIO	39.726326	16.35218
S01707	CASSANO D'ADDA	45.514372	9.512746
S09611	CASSANO IRPINO	40.869227	15.031213
S04302	CASSANO SPINOLA	44.762631	8.858833
S12427	CASSIBILE	36.962581	15.191895
S00864	CASSINE	44.751513	8.533613
S08671	CASSINO	41.484306	13.832125
S02506	CASSOLA	45.732291	11.795866
S02368	CASTAGNARO	45.119349	11.403936
S06029	CASTAGNETO CARDUCCI-DONORATICO	43.16816	10.56399
S05122	CASTAGNO	44.012359	10.91538
S00828	CASTAGNOLE DELLE LANZE	44.749341	8.152836
S01752	CASTANO PRIMO	45.556008	8.772605
S01942	CASTEGGIO	45.017365	9.124595
S01795	CASTEGNATO	45.566006	10.118531
S08114	CASTEL BAGNOLO DI ORTE	42.400183	12.400781
S02382	CASTEL D'ARIO	45.183399	10.97531
S08910	CASTEL DI SANGRO	41.777829	14.112049
S07987	CASTEL FRENTANO	-9.019376	4.511247
S08703	CASTEL GANDOLFO	41.746946	12.652266
S11212	CASTEL LAGOPESOLE	40.787682	15.758093
S08510	CASTEL MADAMA	41.988389	12.864938
S07407	CASTEL S.ANGELO	42.379666	13.017612
S09704	CASTEL S.GIORGIO ROCCAPIEMONTE	40.758713	14.692352
S01948	CASTEL S.GIOVANNI	45.063272	9.436856
S05053	CASTEL S.PIETRO TERME	44.407376	11.597681
S02208	CASTELBELLO	46.626994	10.897884
S05056	CASTELBOLOGNESE-RIOLO TERME	44.325391	11.804174
S12020	CASTELBUONO	38.014606	14.108578
S12010	CASTELDACCIA	38.060474	13.536867
S02105	CASTELDARNE	46.797708	11.844223
S05102	CASTELDEBOLE	44.503974	11.27456
S07200	CASTELFERRETTI-FALCONARA AEROPORTO	43.607303	13.357519
S06802	CASTELFIORENTINO	43.60542	10.968048
S09609	CASTELFRANCI	40.935968	15.038655
S05037	CASTELFRANCO EMILIA	44.597381	11.056408
S09323	CASTELFRANCO IN MISCANO	41.224079	15.075017
S02537	CASTELFRANCO VENETO	45.666439	11.934315
S05012	CASTELGUELFO	44.836434	10.176706
S00343	CASTELL'ALFERO	44.986347	8.220882
S07901	CASTELLALTO CANZANO	42.69564	13.793043
S12120	CASTELLAMMARE DEL GOLFO	38.024309	12.912209
S09756	CASTELLAMMARE DI STABIA	40.701398	14.483737
S13122	CASTELLANA GROTTE	0.0	4.511256
S11507	CASTELLANETA	40.619501	16.928662
S11463	CASTELLANETA MARINA	40.481111	16.965434
S01136	CASTELLANZA	45.613584	8.893907
S04000	CASTELLAZZO CASALCERMELLI	44.843839	8.589645
S01606	CASTELLEONE	45.301826	9.76779
S00720	CASTELLETTO BUSCA	44.501319	7.463939
S01123	CASTELLETTO TICINO	45.710757	8.638259
S06808	CASTELLINA IN CHIANTI-MONTERIGGIONI	43.408744	11.212379
S06024	CASTELLINA MARITTIMA	43.406122	10.495776
S00741	CASTELLINO TANARO	44.41657	7.974321
S00465	CASTELLO D'ANNONE	44.878742	8.312724
S02507	CASTELLO DI GODEGO	45.688082	11.87759
S01923	CASTELLUCCHIO	45.144293	10.64749
S12354	CASTELLUCCIO SICULO	37.302714	15.137547
S05724	CASTELMAGGIORE	44.576055	11.366901
S00836	CASTELNUOVO BELBO	44.798127	8.42516
S06812	CASTELNUOVO BERARDENGA	43.306882	11.484912
S02093	CASTELNUOVO DEL GARDA	45.430843	10.758273
S06300	CASTELNUOVO DI GARFAGNANA	44.116351	10.409054
S07204	CASTELPLANIO CUPRAMONTANA	43.481403	13.084733
S07302	CASTELRAIMONDO CAMERINO	43.210511	13.057274
S00233	CASTELROSSO	45.201802	7.932162
S04001	CASTELSPINA PORTANOVA	44.796662	8.62203
S06302	CASTELVECCHIO PASCOLI	44.09007	10.455061
S09608	CASTELVETERE	40.952072	15.011348
S12113	CASTELVETRANO	37.684977	12.799552
S01960	CASTELVETRO	45.100095	9.982181
S05995	CASTENASO	0.0	4.511256
S05994	CASTENASO STELLINA	0.0	4.511256
S06923	CASTIGLION DEL LAGO	43.123195	12.032077
S06920	CASTIGLION FIORENTINO	43.34075	11.914362
S06729	CASTIGLIONCELLO	43.404619	10.414354
S11909	CASTIGLIONE COSENTINO	39.35542	16.244388
S12362	CASTIGLIONE DI SICILIA	37.88674	15.097013
S08205	CASTIGLIONE IN TEVERINA	42.648544	12.234913
S01429	CASTIONE ANDEVENNO	46.161659	9.806151
S01964	CASTIONE DEI MARCHESI	44.915157	10.044449
S08663	CASTRO-POFI-VALLECORSA	41.533014	13.410741
S12374	CASTROFILIPPO	37.363751	13.780842
S01208	CASTRONNO	45.74524	8.810302
S12206	CASTRONOVO DI SICILIA	37.681193	13.643028
S12337	CATANIA ACQUICELLA	37.492765	15.074699
S12336	CATANIA AEROPORTO FONTANAROSSA	37.480557	15.065157
S12332	CATANIA CENTRALE	37.506211	15.099417
S11956	CATANZARO	38.896222	16.599081
S11833	CATANZARO LIDO	38.821788	16.612975
S12244	CATENANUOVA-CENTURIPE	37.562026	14.688263
S07102	CATTOLICA S.GIOVANNI GABICCE	43.959931	12.745087
S11846	CAULONIA	38.343785	16.467278
S00279	CAVA CARBONARA	45.147055	9.071387
S09816	CAVA DEI TIRRENI	40.703662	14.708461
S01914	CAVA TIGOZZI	45.156823	9.955827
S00423	CAVAGNOLO BRUSASCO	45.153655	8.047534
S09113	CAVALLEGGERI AOSTA	40.819292	14.185679
S00603	CAVALLERMAGGIORE	44.708147	7.692108
S05425	CAVANELLA D'ADIGE	45.111263	12.249312
S05422	CAVANELLA PO	45.052208	12.134893
S01210	CAVARIA OGGIONA IERAGO	45.698145	8.8035
S02847	CAVARZERE CENTRO	45.105515	12.056637
S02147	CAVAZZALE	45.596079	11.569823
S04724	CAVI	44.29354	9.37251
S05932	CAVRIAGO	0.0	4.511256
S05931	CAVRIAGO S.NICOLO'	0.0	4.511256
S01790	CAZZAGO SAN MARTINO	45.57631	10.027735
S06044	CA` DI BOSCHETTI	44.117925	9.857449
S08664	CECCANO	41.573583	13.336417
S08732	CECCHINA	41.692029	12.650992
S06026	CECINA	43.31028	10.514225
S01769	CEDEGOLO	46.072431	10.349977
S12019	CEFALU'	38.03285	14.019526
S02665	CEGGIA	45.688394	12.633987
S13107	CEGLIE MESSAPICA	0.0	4.511256
S08528	CELANO-OVINDOLI	42.076999	13.543398
S04530	CELLE	44.34246	8.542626
S11716	CELLE BULGHERIA ROCCAGLORIOSA	40.10287	15.39473
S00745	CENGIO	44.390798	8.191824
S00608	CENTALLO	44.496223	7.591035
S11715	CENTOLA-PALINURO-MARINA DI CAMEROTA	40.090672	15.34674
S08666	CEPRANO-FALVATERRA	41.523962	13.523481
S07937	CERBARA	43.496353	12.228141
S00541	CERCENASCO	44.864897	7.495302
S08530	CERCHIO	42.061082	13.597972
S06956	CERCINA	43.900121	11.265279
S12200	CERDA	37.953964	13.78447
S02364	CEREA	45.196556	11.213921
S05417	CEREGNANO	45.05062	11.870958
S04517	CERIALE	44.098922	8.234216
S01934	CERIANO LAGHETTO - SOLARO	45.622466	9.059135
S01927	CERIANO LAGHETTO PARCO DELLE GROANE	45.624803	9.079406
S11103	CERIGNOLA CAMPAGNA	41.315664	15.897298
S01513	CERNUSCO-MERATE	45.695096	9.396794
S07969	CERQUETO	42.934737	12.345671
S07300	CERRETO D'ESI	43.32205	12.98319
S06803	CERTALDO	43.547124	11.037711
S01803	CERTOSA DI PAVIA	45.256927	9.154456
S11200	CERVARO	41.397604	15.595704
S05814	CERVIA-MILANO MARITTIMA	44.258444	12.347096
S03207	CERVIGNANO-AQUILEIA-GRADO	45.823948	13.342866
S00546	CERVIGNASCO	44.699669	7.518644
S09015	CERVINARA	-9.019376	4.511247
S04512	CERVO SAN BARTOLOMEO	43.923901	8.109704
S01112	CESANO BOSCONE	45.43085	9.088747
S08319	CESANO DI ROMA	42.061833	12.326669
S01086	CESANO MADERNO	45.632043	9.141743
S01798	CESANO MADERNO PARCO DELLE GROANE	45.630172	9.125368
S01075	CESATE	45.590905	9.066538
S09473	CESE	41.210883	14.787329
S05066	CESENA	44.145449	12.24964
S05815	CESENATICO	44.20065	12.391186
S07960	CESI	42.604133	12.559494
S01772	CETO - CERVENO	45.996831	10.33902
S11735	CETRARO	39.512553	15.939263
S00742	CEVA	44.389861	8.031958
S00142	CHATILLON-SAINT-VINCENT	45.7434	7.619309
S00733	CHERASCO	44.65261	7.867211
S09510	CHIANCHE CEPPALONI	41.050122	14.777618
S07201	CHIARAVALLE	43.595503	13.327655
S01713	CHIARI	45.54011	9.926474
S08007	CHIARONE	42.387528	11.446123
S01301	CHIASSO	45.830736	9.03421
S04722	CHIAVARI	44.315156	9.322464
S01400	CHIAVENNA	46.321258	9.407129
S00500	CHIERI	45.007008	7.827077
S07712	CHIETI	42.356905	14.13815
S07025	CHIETI-MADONNA DELLE PIANE	42.356895	14.138175
S11021	CHIEUTI SERRACAPRIOLA	41.921962	15.156645
S01868	CHIGNOLO PO	45.160942	9.494196
S05428	CHIOGGIA	45.210243	12.275235
S00206	CHIOMONTE	45.119876	6.988716
S05983	CHIOZZA	0.0	4.511256
S05920	CHIOZZOLA	44.839022	10.368591
S12899	CHIRIALZA	40.830877	9.36732
S01536	CHIUDUNO	45.650449	9.846924
S01435	CHIURO	46.164658	9.992317
S02017	CHIUSA	46.642611	11.572678
S00429	CHIUSANO COSSOMBRATO	44.985034	8.128822
S06925	CHIUSI-CHIANCIANO TERME	43.002466	11.957893
S00232	CHIVASSO	45.193637	7.889666
S08650	CIAMPINO	41.804442	12.599546
S05921	CIANO D'ENZA	0.0	4.511256
S05922	CIANO VIA TEDALDO CANOSSA	0.0	4.511256
S02209	CIARDES	46.635274	10.940542
S12126	CINISI TERRASINI	38.155314	13.096673
S11730	CIRELLA MAJERA`	39.708556	15.812289
S00090	CIRIE'	-9.019376	4.511247
S11820	CIRO'	39.368701	17.116997
S01525	CISANO CAPRINO BERGAMASCO	45.739606	9.474261
S01725	CISLAGO	45.661057	8.977639
S02500	CISMON DEL GRAPPA	45.919664	11.729272
S08603	CISTERNA DI LATINA	41.586511	12.827538
S11131	CISTERNINO	40.816652	17.456899
S13105	CISTERNINO (FSC)	0.0	4.511256
S06154	CITERNA TARO	44.63548	10.032939
S07940	CITTA' DI CASTELLO	43.441362	12.262281
S02535	CITTADELLA	45.643868	11.789857
S07406	CITTADUCALE	42.387764	12.94269
S08200	CITTA` DELLA PIEVE	42.936221	11.971127
S07939	CITTA` DI CASTELLO - FORNACE	43.459693	12.250908
S07938	CITTA` DI CASTELLO - ZONA INDUSTRIALE	43.469034	12.239047
S01746	CITTIGLIO	45.89228	8.667283
S01462	CIVATE	45.831295	9.352877
S03056	CIVIDALE DEL FRIULI	46.063394	13.397779
S01774	CIVIDATE - MALEGNO	45.943496	10.268647
S01712	CIVIDATE-CALCIO	45.532937	9.841342
S08211	CIVITA CASTELLANA-MAGLIANO	42.346593	12.453821
S08853	CIVITA D'ANTINO-MORINO	41.870632	13.458868
S07506	CIVITANOVA MARCHE-MONTEGRANARO	43.3091	13.7257
S08010	CIVITAVECCHIA	42.088287	11.79815
S08012	CIVITAVECCHIA M.MA	42.099843	11.78438
S08024	CIVITAVECCHIA VIALE DELLA VITTORIA	42.086518	11.800599
S06822	CIVITELLA PAGANICO	42.94028	11.283536
S08852	CIVITELLA ROVETO	41.916419	13.424882
S06066	CIVITELLA-BADIA AL PINO	-9.019376	4.511247
S12970	CIXERRI	39.26982	8.578934
S05812	CLASSE	44.382033	12.234995
S01540	COCCAGLIO	45.560971	9.977648
S00425	COCCONATO	45.082926	8.070145
S01744	COCQUIO TREVISAGO	45.860257	8.689927
S08534	COCULLO	42.040723	13.776636
S05933	CODEMONDO	0.0	4.511256
S05799	CODIGORO	0.0	4.511256
S05957	CODISOTTO	44.994819	10.730798
S01828	CODOGNO	45.154897	9.701376
S09703	CODOLA	40.767687	14.665622
S02831	CODROIPO	45.9657	12.976543
S01775	COGNO - ESINE	45.929424	10.241227
S04532	COGOLETO	44.389762	8.643906
S02206	COLDRANO-MARTELLO	46.618902	10.821204
S08820	COLFELICE	41.55578	13.601645
S01420	COLICO	46.138019	9.375222
S08548	COLLARMELE	42.060382	13.629197
S02005	COLLE ISARCO	46.937951	11.441336
S08651	COLLE MATTIA	41.832756	12.728329
S06840	COLLE VAL D`ELSA	43.421908	11.127681
S06151	COLLECCHIO	44.755339	10.21228
S07994	COLLEDIMEZZO	-9.019376	4.511247
S08657	COLLEFERRO-SEGNI-PALIANO	41.740062	13.00299
S00217	COLLEGNO	45.078854	7.574131
S06018	COLLESALVETTI	43.586586	10.470534
S07975	COLLEVALENZA R.R.	42.733704	12.444762
S08221	COLLEVECCHIO-POGGIO SOMMAVILLA	42.298089	12.520546
S07024	COLLI DEL TRONTO	42.866191	13.741535
S08520	COLLI DI MONTE BOVE	42.097103	13.15057
S01111	COLMEGNA	46.032644	8.737317
S01539	COLOGNE	45.576627	9.935316
S08653	COLONNA GALLERIA	41.838571	12.755993
S01852	COLORNO	44.927943	10.382935
S00050	COMIGNAGO	45.714296	8.566362
S12411	COMISO	36.947184	14.60037
S12212	COMITINI	37.423806	13.6528
S12371	COMITINI ZOLFARE	37.409955	13.661007
S01764	COMO BORGHI	45.804955	9.090961
S01308	COMO CAMERLATA	45.793889	9.071411
S01763	COMO CAMERLATA (FNM)	45.784496	9.079504
S01765	COMO LAGO	45.814096	9.084012
S01307	COMO S.GIOVANNI	45.808946	9.072331
S06902	COMPIOBBI	43.782527	11.358695
S08816	COMPRE S.VINCENZO	41.757684	13.606971
S05169	CONA	-9.019376	4.511247
S02845	CONA VENETA	45.196674	12.050332
S11861	CONDOFURI	37.92761	15.874952
S00212	CONDOVE-CHIUSA S.MICHELE	45.106689	7.317022
S02706	CONEGLIANO	45.884706	12.298909
S03318	CONFINE ITALO/SLOVENO	45.922748	13.626923
S05999	CONSANDOLO	44.670644	11.760694
S05950	CONSELICE	44.510987	11.831949
S05004	CONSELICE ZONA INDUSTRIALE	44.53259	11.856998
S06702	CONTEA LONDA	43.865124	11.531603
S12355	CONTESSE	38.16193	15.544717
S07404	CONTIGLIANO	42.412072	12.779144
S09826	CONTURSI TERME	40.630046	15.235486
S13121	CONVERSANO	0.0	4.511256
S09618	CONZA ANDRETTA CAIRANO	40.88336	15.343554
S13149	COPERTINO	0.0	4.511256
S01041	CORBETTA-S.STEFANO TICINO	45.480829	8.917457
S05115	CORBEZZI	43.993948	10.919676
S08112	CORCHIANO	42.361351	12.341846
S02661	CORDOVADO SESTO	45.850653	12.877784
S11812	CORIGLIANO CALABRO	39.628223	16.514949
S13180	CORIGLIANO D'OTRANTO	0.0	4.511256
S01080	CORMANO-BRUSUGLIO	45.541971	9.173488
S01109	CORMANO-CUSANO MILANINO	45.545022	9.173574
S03300	CORMONS	45.957519	13.461563
S05925	CORNIANO	0.0	4.511256
S04734	CORNIGLIA	44.119938	9.711051
S03053	CORNINO	46.220516	13.010581
S02569	CORNUDA	45.833846	12.012886
S05719	CORONELLA	44.796074	11.544491
S07308	CORRIDONIA MOGLIANO	43.281616	13.477697
S09324	CORSANO	41.164472	14.958463
S01064	CORSICO	45.434688	9.105156
S01865	CORTEOLONA	45.159701	9.375477
S02999	CORTINA D'AMPEZZO	0.0	4.511256
S11910	COSENZA	39.318386	16.260955
S01424	COSIO TRAONA	46.135564	9.525498
S00973	COSSATO	45.564216	8.175964
S02375	COSTA	45.045766	11.696511
S01491	COSTA MASNAGA	45.76343	9.285231
S00348	COSTIGLIOLE (MOTTA DI)	44.807559	8.145712
S00829	COSTIGLIOLE D`ASTI	44.754882	8.20477
S00702	COSTIGLIOLE SALUZZO	44.570196	7.482075
S05956	COTIGNOLA	44.387077	11.938037
S07432	COTILIA	42.372602	12.96871
S00999	COURMAYER	0.0	4.511256
S11151	COZZE	41.017835	17.159396
S00332	COZZO	45.182989	8.603292
S01605	CREMA	45.366864	9.694209
S01915	CREMONA	45.143215	10.017951
S00172	CRESCENTINO	45.194302	8.107175
S05973	CRESPELLANO	0.0	4.511256
S06607	CRESPINO DEL LAMONE	44.041816	11.548447
S00017	CRESSA FONTANETO	45.646331	8.498435
S05316	CREVALCORE	44.719156	11.152625
S13131	CRISPIANO	0.0	4.511256
S13130	CRISPIANO S.RAFFAELE	0.0	4.511256
S07988	CROCETTA	-9.019376	4.511247
S08317	CROCICCHIE	42.0559	12.238888
S11830	CROPANI	38.921968	16.813562
S11823	CROTONE	39.0845	17.108418
S11819	CRUCOLI	39.449588	17.040718
S01312	CUCCIAGO	45.740813	9.082205
S00610	CUNEO	44.387914	7.536235
S00611	CUNEO GESSO	44.394234	7.556017
S00427	CUNICO SCANDELUZZA	45.036947	8.11007
S00888	CUORGNE'	45.38919	7.654662
S08810	CUPONE	41.964628	13.377481
S07511	CUPRAMARITTIMA	43.02349	13.860812
S00051	CUREGGIO	45.672538	8.456282
S11972	CURINGA	38.840001	16.260929
S02700	CUSANO	45.945427	12.757485
S01081	CUSANO MILANINO	45.548073	9.173661
S11826	CUTRO	39.02593	16.963809
S01010	CUZZAGO (MI)	45.993682	8.373989
S00180	CUZZAGO (NO)	45.990635	8.369878
S01006	DARFO - CORNA	45.884345	10.181326
S12888	DECIMOMANNU	39.304593	8.965808
S00877	DEGO	44.448003	8.308469
S04728	DEIVA MARINA	44.217306	9.519022
S01422	DELEBIO	46.13865	9.461168
S12384	DELIA	37.317685	13.914687
S00162	DERBY	45.730289	7.087018
S07966	DERUTA	42.996945	12.373581
S01408	DERVIO	46.077709	9.30596
S02084	DESENZANO DEL GARDA-SIRMIONE	45.462677	10.536322
S01320	DESIO	45.620112	9.218495
S08410	DEVIATOIO ESTREMO KM 2.730-ROMA T.LANA	41.887491	12.527216
S01050	DEVIATOIO ESTREMO TORTONA	44.895759	8.840548
S11731	DIAMANTE BUONVICINO	39.67701	15.824278
S04524	DIANO	43.916396	8.078304
S06701	DICOMANO	43.893489	11.519148
S06310	DIECIMO-PESCAGLIA	43.959404	10.507844
S05981	DINAZZANO	0.0	4.511256
S12408	DIRILLO	37.006569	14.39154
S12240	DITTAINO	37.564605	14.462429
S02113	DOBBIACO	46.725049	12.225122
S05174	DOGATO	-9.019376	4.511247
S02587	DOLO	45.453466	12.07161
S02055	DOMEGLIARA-S.AMBROGIO	45.522348	10.820408
S01004	DOMO II	46.071396	8.286899
S01003	DOMODOSSOLA	46.115429	8.296684
S04202	DONNA	44.818902	8.712792
S12412	DONNAFUGATA	36.882055	14.568968
S00148	DONNAS	45.602713	7.769563
S06403	DOPPIO BIVIO MONTUOLO	43.83172	10.428321
S01407	DORIO	46.102756	9.319063
S01025	DORMELLETTO	45.7233	8.581906
S00980	DORMELLETTO PAESE	45.730032	8.574324
S02330	DOSSOBUONO	45.392382	10.914831
S09021	DRAGONI	-9.019376	4.511247
S00722	DRONERO	44.464974	7.423245
S01405	DUBINO	46.172802	9.432188
S09051	DUCA D'AOSTA	41.553126	14.650008
S02146	DUEVILLE	45.635	11.546108
S09819	DUOMO VIA VERNIERI	40.681214	14.762757
S08220	Dev.Int. DD/AV	42.274228	12.607523
S09824	EBOLI	40.611057	15.052382
S00926	ECA NASAGO`	44.160769	7.965137
S01002	EDOLO	46.176904	10.329405
S02032	EGNA-TERMENO	46.319418	11.257177
S11154	EGNAZIA	40.901727	17.329607
S07003	ELLERA CORCIANO	43.094699	12.318574
S12819	ELMAS AEROPORTO	39.239905	9.028969
S06510	EMPOLI	43.715708	10.94915
S12856	ENAS	40.85706	9.431095
S12238	ENNA	37.581134	14.289579
S11041	ENZITETO-CATINO	41.162665	16.737963
S06226	EQUI TERME	44.170282	10.153624
S01096	ERBA	45.813138	9.230215
S01777	ERBANNO - ANGONE	45.900513	10.195733
S02396	ESTE	45.220954	11.662931
S12335	EUROPA PES	37.51258	15.107303
S00251	EXILLES	45.08999	6.927344
F00001	F00001	37.741399	14.361877
F00002	F00002	44.484749	8.624268
F00003	F00003	42.910172	13.661499
F00004	F00004	40.583714	17.028809
F00005	F00005	37.868349	15.15976
F00006	F00006	37.312291	15.02243
F00007	F00007	44.223552	8.230133
F00008	F00008	43.972063	10.262604
F00009	F00009	45.682678	8.554745
F00010	F00010	45.720563	8.572941
F00011	F00011	44.355278	9.42627
F00012	F00012	43.963168	10.332642
F00013	F00013	41.420075	14.018555
F00014	F00014	41.331451	13.815308
F00015	F00015	41.257162	13.713684
F00016	F00016	45.718885	13.705444
F00017	F00017	43.211682	12.159119
F00018	F00018	44.205343	12.376099
F00019	F00019	43.704615	13.027039
F00020	F00020	45.125867	12.251129
F00021	F00021	42.627896	13.989716
F00022	F00022	43.201422	12.208557
F00023	F00023	41.298444	13.743896
F00024	F00024	42.585444	14.026794
F00025	F00025	41.927825	15.065002
F00026	F00026	41.235995	13.992462
F00027	F00027	40.602484	17.013702
F00028	F00028	39.715638	16.347656
F00029	F00029	40.576413	17.028809
F00030	F00030	38.699444	16.508331
F00031	F00031	38.286703	16.155396
F00032	F00032	38.163176	15.709076
F00033	F00033	38.739624	16.248779
F00034	F00034	38.735875	16.175995
F00035	F00035	38.305025	15.899963
F00036	F00036	38.039439	13.086777
F00037	F00037	37.946363	14.537659
F00038	F00038	37.740313	15.125427
F00039	F00039	37.134045	14.087219
F00040	F00040	43.733399	13.139648
F00041	F00041	43.600284	13.4198
F00042	F00042	39.990799	16.479492
F00043	F00043	38.817241	16.285858
F00044	F00044	43.942406	12.740021
F00045	F00045	43.683764	13.135529
F00046	F00046	44.010102	12.598171
F00047	F00047	45.065762	6.860161
F00048	F00048	40.785611	14.620886
F00049	F00049	44.418578	8.576088
F00050	F00050	41.927825	15.065002
F00051	F00051	37.913867	12.558632
F00052	F00052	37.985881	13.572807
F00053	F00053	45.201393	8.590393
S07208	FABRIANO	43.345429	12.905336
S07059	FABRIANO CA' MAIANO	43.345598	12.873939
S08111	FABRICA DI ROMA	42.334416	12.307467
S08201	FABRO-FICULLE	42.874851	12.04123
S02557	FAE'-FORTOGNA	46.239439	12.294121
S05058	FAENZA	44.293594	11.883268
S02762	FAGARE'	45.70705	12.444296
S07420	FAGNANO CAMPANA	42.250575	13.562743
S09001	FALCIANO-MONDRAGONE-CARINOLA	41.123525	13.971792
S12405	FALCONARA	37.113529	14.052516
S07111	FALCONARA MARITTIMA	43.630577	13.397378
S07117	FALCONARA STADIO	43.626158	13.381179
S12038	FALCONE	38.119573	15.080467
S11747	FALERNA	38.970726	16.14991
S07967	FANCIULLATA	42.978966	12.372597
S03083	FANNA-CAVASSO	46.187072	12.7707
S07105	FANO	43.842977	13.02478
S02575	FANZOLO	45.708253	11.992069
S00112	FARA	45.550556	8.458049
S08214	FARA SABINA-MONTELIBRETTI	42.155546	12.648323
S00737	FARIGLIANO	44.513337	7.90947
S11130	FASANO	40.851753	17.3859
S06021	FAUGLIA - LORENZANA	43.551831	10.50304
S12386	FAVAROTTA	37.20532	13.913217
S11771	FAVAZZINA	38.258742	15.756625
S00885	FAVRIA	45.337174	7.689845
S12136	FEDERICO	38.144862	13.344966
S06103	FELEGARA-S.ANDREA BAGNI	44.724809	10.114523
S00883	FELETTO	45.303696	7.743724
S00468	FELIZZANO	44.893367	8.437155
S05162	FELONICA	-9.019376	4.511247
S02564	FELTRE	46.012884	11.911493
S08661	FERENTINO-SUPINO	41.6564	13.246971
S01138	FERNO - LONATE POZZOLO	45.608619	8.7554
S11458	FERRANDINA SCALO-MATERA	40.516566	16.475276
S04804	FERRANIA	44.365136	8.328885
S05712	FERRARA	44.843047	11.603594
S05196	FERRARA  VIA BOSCHETTO	44.819896	11.640711
S05190	FERRARA CITTA' DEL RAGAZZO	0.0	4.511256
S05193	FERRARA CONA OSPEDALE	0.0	4.511256
S00404	FERRERA LOMELLINA	45.111807	8.862805
S11856	FERRUZZANO	38.016304	16.134486
S12035	FICARAZZI	38.088244	13.464222
S08235	FIDENE	41.979773	12.508451
S05009	FIDENZA	44.86773	10.06339
S12137	FIERA	38.144004	13.351336
S08413	FIERA DI ROMA	41.811863	12.320622
S06953	FIESOLE CALDINE	43.833697	11.266047
S06908	FIGLINE VALDARNO	43.621596	11.473652
S06165	FILATTIERA	44.33137	9.933352
S12277	FILDIDONNA	37.310867	14.808848
S11211	FILIANO	40.837161	15.752285
S04522	FINALE LIGURE MARINA	44.169116	8.34033
S01760	FINO MORNASCO	45.74654	9.047066
S05182	FIORANO	0.0	4.511256
S06774	FIORENTINA DI PIOMBINO	42.969321	10.54235
S05007	FIORENZUOLA	44.928716	9.917403
S06900	FIRENZE CAMPO MARTE	43.776856	11.27702
S06515	FIRENZE CASCINE	43.792161	11.19844
S06419	FIRENZE CASTELLO	43.819444	11.21838
S06518	FIRENZE PORTA PRATO	43.778309	11.238103
S06420	FIRENZE RIFREDI	43.800873	11.235729
S06901	FIRENZE ROVEZZANO	43.768657	11.307372
S06421	FIRENZE SANTA MARIA NOVELLA	43.776893	11.247373
S06430	FIRENZE STATUTO	43.787273	11.249738
S09519	FISCIANO	40.759095	14.77486
S12001	FIUMARA GAZZI	38.161939	15.544717
S11741	FIUMEFREDDO BRUZIO	39.246369	16.059012
S12322	FIUMEFREDDO DI SICILIA	37.795247	15.205615
S01412	FIUMELATTE	45.999017	9.292857
S12015	FIUMETORTO	37.966939	13.774781
S08411	FIUMICINO AEROPORTO	41.793673	12.251728
S06222	FIVIZZANO ROMETTA-SOLIERA	44.201526	10.05953
S06223	FIVIZZANO-GASSANO	44.202672	10.091691
S11100	FOGGIA	41.466	15.555816
S06618	FOGNANO	44.203339	11.727677
S07217	FOLIGNO	42.954261	12.711096
S06033	FOLLONICA	42.926687	10.755775
S08606	FONDI-SPERLONGA	41.337663	13.424893
S00621	FONTAN SAORGE	43.99016	7.555605
S08818	FONTANA LIRI	41.618254	13.561839
S08819	FONTANA LIRI INFERIORE	41.609742	13.556707
S02702	FONTANAFREDDA	45.967555	12.575266
S09199	FONTANAROSA-CERVARO	41.44638	13.866308
S12023	FONTANE BIANCHE	36.969095	15.211312
S00174	FONTANETTO PO	45.191238	8.188697
S02534	FONTANIVA	45.634723	11.749038
S06619	FONTEBUONA	43.91751	11.265553
S07421	FONTECCHIO	42.222822	13.604445
S11210	FORENZA	40.866839	15.725331
S03054	FORGARIA BAGNI ANDUINS	46.203472	12.964109
S05059	FORLI'	44.22413	12.054871
S05065	FORLIMPOPOLI-BERTINORO	44.194165	12.128125
S08640	FORMIA-GAETA	41.258773	13.605996
S05183	FORMIGINE	0.0	4.511256
S06304	FORNACI DI BARGA	44.045253	10.473173
S01768	FORNO ALLIONE	46.09003	10.31495
S06153	FORNOVO	44.693791	10.102014
S06011	FORTE DEI MARMI-SERAVEZZA-QUERCETA	43.97777	10.19936
S02011	FORTEZZA	46.788841	11.609922
S06301	FOSCIANDORA-CESERANA	44.118559	10.444212
S07819	FOSSACESIA	42.235097	14.524255
S07018	FOSSACESIA-TORINO DI SANGRO	42.237648	14.525456
S02667	FOSSALTA DI PIAVE	45.624215	12.500393
S03201	FOSSALTA DI PORTOGRUARO	45.78324	12.907473
S00606	FOSSANO	44.550231	7.717971
S07209	FOSSATO DI VICO GUBBIO	43.283798	12.757258
S02675	FRADELETTO CARPENEDO	45.500011	12.238354
S09506	FRAGNETO MONFORTE	41.247292	14.76486
S04729	FRAMURA	44.201903	9.555169
S12361	FRANCAVILLA	37.899892	15.132812
S07813	FRANCAVILLA AL MARE	42.421316	14.288062
S11752	FRANCAVILLA ANGITOLA-FILADELFIA	38.778074	16.215215
S11603	FRANCAVILLA FONTANA	40.523145	17.584714
S09842	FRANCIOSA	40.679029	15.623808
S08751	FRASCATI	41.806881	12.677962
S08806	FRASSO	41.364281	13.20064
S09305	FRASSO TELESINO-DUGENTA	41.137244	14.459459
S02374	FRATTA	45.038673	11.642598
S07971	FRATTA TODINA	42.853828	12.341296
S09008	FRATTAMAGGIORE-GRUMO	40.940018	14.263676
S11053	FRATTAROLO	41.58364	15.861727
S09522	FRATTE	40.705637	14.778362
S02524	FRATTE CENTRO	45.585849	11.906637
S09524	FRATTE VILLA COMUNALE	40.697895	14.779252
S08662	FROSINONE	41.625333	13.328728
S04200	FRUGAROLO BOSCOMARENGO	44.841687	8.682724
S12155	FULGATORE	37.9543	12.686312
S05726	FUNO CENTERGROSS	44.593646	11.370672
S07979	FURAPANE	42.667807	12.538727
S12313	FURCI	37.961714	15.380022
S11738	FUSCALDO	39.409692	16.011475
S12358	GAGGI	37.858532	15.225095
S01063	GAGGIANO	45.408827	9.031117
S02671	GAGGIO	45.551893	12.326027
S02673	GAGGIO PORTA EST	45.545581	12.314963
S13162	GAGLIANO L.	0.0	4.511256
S07311	GAGLIOLE	43.220298	13.07522
S05800	GAIBANELLA	44.778116	11.671325
S07212	GAIFANA	43.181837	12.784148
S12305	GALATI	38.104511	15.505313
S13169	GALATINA	0.0	4.511256
S13152	GALATONE CITTA'	0.0	4.511256
S09900	GALDO	40.569272	15.355627
S01030	GALLARATE	45.659828	8.798243
S08113	GALLESE BASSANELLO	42.3798	12.371998
S08210	GALLESE IN TEVERINA	42.380901	12.439732
S01748	GALLIATE	45.481171	8.691297
S01749	GALLIATE PARCO DEL TICINO	45.506344	8.717914
S05721	GALLIERA	44.737738	11.441551
S02541	GALLIERA VENETA TOMBOLO	45.652901	11.828066
S11672	GALLIPOLI	0.0	4.511256
S13176	GALLIPOLI BAIA VERDE	0.0	4.511256
S13174	GALLIPOLI PORTO	0.0	4.511256
S13172	GALLIPOLI VIA AGRIGENTO	0.0	4.511256
S13175	GALLIPOLI VIA SALENTO	0.0	4.511256
S12115	GALLITELLO	37.857927	12.948785
S13165	GALUGNANO	0.0	4.511256
S00861	GAMALERO	44.817476	8.543427
S07997	GAMBERALE-S.ANGELO DEL PESCO	-9.019376	4.511247
S05067	GAMBETTOLA	44.116718	12.327555
S00274	GAMBOLO'-REMONDO'	45.23587	8.79757
S00030	GARBAGNA	45.385552	8.66627
S01074	GARBAGNATE MILANESE	45.580005	9.080253
S01073	GARBAGNATE PARCO DELLE GROANE	45.571239	9.091147
S00924	GARESSIO	44.199088	8.015214
S02218	GARGAZZONE	46.576389	11.195494
S00276	GARLASCO	45.198948	8.926829
S05816	GATTEO A MARE	44.170691	12.432057
S00052	GATTINARA	45.611523	8.364288
S08241	GAVIGNANO SABINO	42.274375	12.60751
S01742	GAVIRATE	45.845606	8.714865
S01743	GAVIRATE VERBANO	45.851775	8.705611
S06036	GAVORRANO	42.947959	10.9338
S01207	GAZZADA SCHIANNO MORAZZONE	45.77862	8.824815
S02381	GAZZO DI BIGARELLO	45.176648	10.894005
S01917	GAZZO PIEVE S.GIACOMO	45.137151	10.189922
S12407	GELA	37.07283	14.259461
S12430	GELA-ANIC	37.055601	14.284207
S08326	GEMELLI	41.927813	12.427797
S03019	GEMONA DEL FRIULI	46.274243	13.127978
S01745	GEMONIO	45.877826	8.673838
S07206	GENGA S.VITTORE TERME	43.403011	12.977163
S12413	GENISI	36.882562	14.623413
S04107	GENOVA ACQUASANTA	44.458757	8.773197
S04218	GENOVA BOLZANETO	44.459208	8.900193
S04109	GENOVA BORZOLI	44.434704	8.866648
S04702	GENOVA BRIGNOLE	44.407213	8.947553
S04538	GENOVA CORNIGLIANO	44.414752	8.865035
S04110	GENOVA COSTA DI SESTRI PONENTE	44.433535	8.84553
S04108	GENOVA GRANARA	44.442055	8.823453
S04603	GENOVA MARITTIMA S.LIMBANIA	44.412808	8.911098
S04707	GENOVA NERVI	44.381271	9.039895
S04536	GENOVA PEGLI	44.426236	8.816767
S04700	GENOVA PIAZZA PRINCIPE	44.417784	8.9207
S04701	GENOVA PIAZZA PRINCIPE SOTTERRANEA	44.414803	8.918041
S04217	GENOVA PONTEDECIMO	44.494189	8.905642
S04535	GENOVA PRA	44.426874	8.785356
S04704	GENOVA QUARTO DEI MILLE	44.388607	8.99597
S04705	GENOVA QUINTO AL MARE	44.385184	9.020514
S04219	GENOVA RIVAROLO	44.435955	8.89106
S04222	GENOVA S.BIAGIO	44.484399	8.900854
S04220	GENOVA SAMPIERDARENA	44.413102	8.887271
S04221	GENOVA SAMPIERDARENA SM.	44.419411	8.88545
S04537	GENOVA SESTRI PONENTE AEROPORTO	44.422374	8.847707
S04703	GENOVA STURLA	44.397977	8.981466
S04540	GENOVA VESIMA	44.416176	8.714099
S04223	GENOVA VIA DI FRANCIA	44.411126	8.90192
S04534	GENOVA VOLTRI	44.428467	8.758163
S12247	GERBINI	37.473138	14.845822
S01724	GERENZANO - TURATE	45.64565	9.001527
S00096	GERMAGNANO	45.262034	7.469537
S01841	GHEDI	45.409439	10.280506
S00110	GHEMME	45.595882	8.417135
S00974	GHISLARENGO	45.526006	8.379453
S06306	GHIVIZZANO-COREGLIA	44.027583	10.510183
S12138	GIACHERY	38.138135	13.355856
S12308	GIAMPILIERI	38.080121	15.493863
S00316	GIAROLE	45.056125	8.5609
S12324	GIARRE RIPOSTO	37.730346	15.193386
S12866	GIAVE	40.455875	8.729388
S11462	GINOSA	40.429201	16.890968
S11505	GIOIA DEL COLLE	40.796983	16.916569
S11766	GIOIA TAURO	38.423436	15.897516
S11848	GIOIOSA JONICA	38.300812	16.332501
S12033	GIOJOSA MAREA	38.175149	14.894794
S06084	GIOVI	-9.019376	4.511247
S11115	GIOVINAZZO	41.180968	16.669346
S09100	GIUGLIANO QUALIANO	40.935018	14.10378
S07802	GIULIANOVA	42.751673	13.965743
S07225	GIUNCANO	42.647802	12.637694
S06037	GIUNCARICO	42.915473	11.008362
S13194	GIURDIGNANO	0.0	4.511256
S12142	GIUSTIZIA	38.109187	13.367514
S11748	GIZZERIA LIDO	38.933446	16.212563
S05809	GLORIE	44.483341	12.075736
S05904	GODO	44.389322	12.071256
S12366	GOLE DI ALCANTARA	37.878403	15.176039
S12852	GOLFO ARANCI	40.997261	9.62471
S12850	GOLFO ARANCI MARITTIMA	40.995775	9.623843
S02344	GONZAGA-REGGIOLO	44.939239	10.815533
S02766	GORGO AL MONTICANO	45.784444	12.553737
S08535	GORIANO SICOLI	42.082698	13.78286
S03304	GORIZIA CENTRALE	45.933047	13.60684
S00015	GOZZANO	45.741039	8.438726
S02591	GR SC MESTRE ST	45.466808	12.242832
S09758	GRAGNANO	40.688964	14.520445
S06224	GRAGNOLA	44.191069	10.109245
S12272	GRAMMICHELE	37.209336	14.641256
S06801	GRANAIOLO	43.652244	10.945223
S05955	GRANAROLO FAENTINO	44.357356	11.937441
S01762	GRANDATE - BRECCIA	45.781296	9.055791
S12359	GRANITI	37.869467	15.208633
S11456	GRASSANO-GARAGUSO-TRICARICO	40.593317	16.241049
S00007	GRAVELLONA TOCE	45.934051	8.428346
S11306	GRAVINA IN PUGLIA	40.825216	16.418926
S07403	GRECCIO	42.462872	12.777009
S09300	GRICIGNANO-TEVEROLA	40.998742	14.241657
S03315	GRIGNANO	45.713308	13.710255
S00106	GRIGNASCO	45.683288	8.332913
S02317	GRIGNO	46.015059	11.624984
S02579	GRISIGNANO DI ZOCCO	45.48638	11.710762
S11729	GRISOLIA S.MARIA	39.739731	15.821072
S05133	GRIZZANA	44.258292	11.181194
S00277	GROPELLO CAIROLI	45.173101	8.991626
S06039	GROSSETO	42.76728	11.1065
S11602	GROTTAGLIE	40.528989	17.424503
S07512	GROTTAMMARE	42.99381	13.870265
S12372	GROTTE	37.409848	13.702717
S13123	GROTTE DI CASTELLANA	0.0	4.511256
S08301	GROTTE S.STEFANO	42.51512	12.169372
S00059	GRUGLIASCO	45.068371	7.599176
S01537	GRUMELLO DEL MONTE	45.634102	9.862767
S11502	GRUMO APPULA	41.01199	16.718777
S13113	GUAGNANO	0.0	4.511256
S07211	GUALDO TADINO	43.233475	12.7672
S05961	GUALTIERI	0.0	4.511256
S05998	GUARDA	0.0	4.511256
S11843	GUARDAVALLE	38.480266	16.578923
S12327	GUARDIA MANGANO S.VENERINA	37.661812	15.169447
S11737	GUARDIA PIEMONTESE TERME	39.464259	15.979237
S09456	GUARDIAREGIA	41.457455	14.553753
S05960	GUASTALLA	0.0	4.511256
S09469	GUGLIONESI PORTOCANNONE	41.932026	14.986368
S08506	GUIDONIA-MONTECELIO-S.ANGELO	41.993405	12.725681
S00147	HONE-BARD	45.613918	7.741345
S05818	IGEA MARINA	44.131972	12.481636
S12950	IGLESIAS	39.310563	8.539786
S06951	IL CIONFO BIN. SALVIATI	43.798687	11.273076
S06424	IL NETO	43.839624	11.182656
S07972	ILCI-PIAN DEI MORI	42.825782	12.376481
S12236	IMERA	37.533814	14.125165
S05054	IMOLA	44.359418	11.718723
S04523	IMPERIA	43.88051	8.019182
S06907	INCISA	43.656541	11.452728
S00835	INCISA SCAPACCINO	44.80052	8.388468
S11101	INCORONATA	41.408174	15.650728
S06914	INDICATORE	43.480067	11.803468
S01204	INDUNO OLONA	45.846432	8.838357
S01093	INVERIGO	45.740316	9.224388
S08330	IPOGEO DEGLI OTTAVI	41.968391	12.409026
S01021	ISEO	45.656493	10.050276
S09053	ISERNIA	41.596946	14.235421
S04210	ISOLA DEL CANTONE	44.646589	8.957578
S05307	ISOLA DELLA SCALA	45.269474	11.013312
S12129	ISOLA DELLE FEMMINE	38.194784	13.250188
S00347	ISOLA D`ASTI	44.830605	8.175113
S08858	ISOLA LIRI	41.681712	13.581088
S08665	ISOLETTA-S.GIOVANNI INCARICO	41.527873	13.547095
S12421	ISPICA	36.77804	14.914315
S01121	ISPRA	45.811573	8.621338
S02539	ISTRANA	45.676539	12.102781
S08607	ITRI	41.271328	13.545549
S00154	IVREA	45.461542	7.876348
S07202	JESI	43.520164	13.251316
S11763	JOPPOLO	38.580318	15.897025
S12067	KENNEDY	7.991692	12.455077
S07414	L'AQUILA	42.351055	13.384959
S07431	L'AQUILA CAMPO DI PILE	42.352288	13.358559
S07417	L'AQUILA S.GREGORIO	42.310075	13.500112
S07415	L'AQUILA SASSA NUCLEO SVILUPPO	42.352189	13.339858
S00634	LA BRIGUE	44.060771	7.611357
S07934	LA DOGANA	43.542691	12.181106
S08808	LA FIORA	41.331487	13.200365
S08321	LA GIUSTINIANA	41.985243	12.403457
S08513	LA RUSTICA CITTA'	41.90989	12.608719
S08514	LA RUSTICA UIR	41.912448	12.62184
S00132	LA SALLE	45.744637	7.061987
S06000	LA SPEZIA CENTRALE	44.11141	9.813906
S06002	LA SPEZIA MARITTIMA	44.110694	9.837445
S06004	LA SPEZIA MIGLIARINA	44.123391	9.84028
S08320	LA STORTA	42.001748	12.381254
S08654	LABICO	41.783064	12.889785
S07427	LABRO MOGGIO	42.506131	12.746224
S02207	LACES	46.619692	10.85863
S08021	LADISPOLI-CERVETERI	41.953502	12.081675
S09911	LAGONEGRO	40.120325	15.7627
S02215	LAGUNDO	46.663471	11.143774
S04514	LAIGUEGLIA	43.981283	8.158685
S02029	LAIVES	46.43409	11.323533
S05418	LAMA	45.043466	11.913123
S05121	LAMA DI RENO	44.363501	11.216168
S01869	LAMBRINIA	45.164376	9.527436
S01094	LAMBRUGO - LURAGO D'ERBA	45.761691	9.238529
S11749	LAMEZIA TERME CENTRALE	38.921347	16.255577
S11951	LAMEZIA TERME NICASTRO	38.966779	16.320043
S11950	LAMEZIA TERME SAMBIASE	38.959927	16.284962
S02219	LANA-POSTAL	46.608079	11.182252
S02710	LANCENIGO	45.710087	12.265663
S07986	LANCIANO	42.216037	14.432371
S08733	LANUVIO	41.672211	12.690885
S09707	LANZARA FIMIANI	40.769685	14.68115
S00095	LANZO TORINESE	45.272923	7.480762
S09466	LARINO	41.80015	14.918226
S02204	LASA	46.618617	10.694828
S12070	LASCARI	38.011681	13.928627
S12018	LASCARI	38.011672	13.928633
S06001	LASTRA A SIGNA	43.777774	11.099833
S06912	LATERINA	43.496458	11.660573
S11606	LATIANO	40.558074	17.717629
S08608	LATINA	41.538372	12.945888
S03202	LATISANA LIGNANO-BIBIONE	45.777733	13.001101
S00421	LAURIANO	45.160761	7.998531
S04723	LAVAGNA	44.305677	9.346371
S01118	LAVENO MOMBELLO	45.903272	8.624583
S01747	LAVENO MOMBELLO LAGO	45.908373	8.618192
S05806	LAVEZZOLA	44.559591	11.880154
S05041	LAVINO	44.538306	11.232799
S02037	LAVIS	46.148306	11.095993
S09708	LAVORATE	40.78733	14.649875
S12063	LAZIO	38.118614	13.356699
S06957	LE CURE	43.786182	11.268501
S06516	LE PIAGGE	43.789684	11.171665
S11145	LECCE	40.34566	18.165724
S01520	LECCO	45.856471	9.393638
S01522	LECCO MAGGIANICO	45.831179	9.411691
S01120	LEGGIUNO MONVALLE	45.867349	8.629476
S02366	LEGNAGO	45.189034	11.304724
S01033	LEGNANO	45.593653	8.910638
S02373	LENDINARA	45.081816	11.591667
S05965	LENTIGIONE	0.0	4.511256
S12341	LENTINI	37.300916	14.99758
S12340	LENTINI DIRAMAZIONE	37.340009	14.98141
S11219	LEONESSA	41.062304	15.595094
S12239	LEONFORTE-PIRATO	37.606305	14.376063
S12205	LERCARA BASSA	37.737639	13.633053
S12068	LERCARA DIRAMAZIONE	37.754721	13.656822
S02578	LERINO	45.518725	11.63567
S01018	LESA	45.833042	8.566471
S00954	LESEGNO	44.385891	7.94266
S01501	LESMO	45.644745	9.309318
S12316	LETOJANNI	37.877581	15.303128
S02568	LEVADA	45.850158	12.006657
S04731	LEVANTO	44.174167	9.616018
S02019	LEVATA	45.125221	10.768324
S01611	LEVATE	45.626856	9.629984
S02309	LEVICO TERME	46.005729	11.30493
S01799	LEZZA - CARPESINO	45.82165	9.22747
S12242	LIBERTINIA	37.545615	14.591893
S12400	LICATA	37.106024	13.938114
S05813	LIDO DI CLASSE-LIDO DI SAVIO	44.314546	12.292722
S08708	LIDO DI LAVINIO	41.500599	12.625926
S01750	LIDO DI TURBIGO	45.509772	8.720918
S01413	LIERNA	45.960973	9.303071
S00617	LIMONE	44.203799	7.577912
S09616	LIONI	40.874869	15.186324
S09628	LIONI VALLE DELLE VITI	40.887025	15.215936
S02530	LISIERA	45.578581	11.610695
S02663	LISON	45.751947	12.759416
S01321	LISSONE-MUGGIO'	45.60592	9.235368
S06725	LIVORNO CENTRALE	43.55406	10.336593
S00237	LIVORNO FERRARIS	45.283402	8.073493
S04519	LOANO	44.122429	8.254523
S01801	LOCATE TRIULZI	45.35973	9.221398
S01727	LOCATE VARESINO - CARBONATE	45.689952	8.936068
S13127	LOCOROTONDO	0.0	4.511256
S11851	LOCRI	38.233154	16.264787
S01825	LODI	45.308966	9.497585
S12143	LOLLI	38.109117	13.367453
S01757	LOMAZZO	45.698776	9.03612
S00405	LOMELLO	45.117276	8.799121
S02083	LONATO	45.457204	10.486714
S02556	LONGARONE ZOLDO	46.267466	12.301953
S11742	LONGOBARDI	39.211493	16.061261
S02441	LONIGO	45.413269	11.345016
S05423	LOREO	45.059476	12.191569
S07503	LORETO	43.448376	13.620455
S06404	LUCCA	43.837186	10.506069
S11647	LUCERA	0.0	4.511256
S06069	LUCIGNANO-MARCIANO	-9.019376	4.511247
S05951	LUGO	44.414106	11.914723
S01113	LUINO	45.996643	8.737464
S03125	LUMIGNACCO	45.999177	13.250841
S08503	LUNGHEZZA	41.923253	12.667212
S06003	LUNI	44.074761	10.015799
S09606	LUOGOSANO-S.MANGO SUL CALORE	40.980381	14.994305
S00523	LUSERNA S. GIOVANNI	44.815842	7.246902
S05958	LUZZARA	0.0	4.511256
S19005	MACCAGNO	46.059644	8.737189
S13653	MACCAGNO	46.059644	8.737189
S08020	MACCARESE-FREGENE	41.879372	12.23695
S07307	MACERATA	43.293094	13.455172
S07313	MACERATA FONTESCODELLA	43.291569	13.44048
S07314	MACERATA UNIVERSITA'	43.285412	13.465381
S01500	MACHERIO SOVICO	45.642485	9.266895
S01484	MACHERIO-CANONICA	45.645533	9.286736
S12869	MACOMER	40.267899	8.772279
S00607	MADDALENE	44.518734	7.648022
S09212	MADDALONI INFERIORE	41.035954	14.380504
S09303	MADDALONI SUPERIORE	41.048567	14.396055
S01610	MADIGNANO	45.34383	9.730179
S08108	MADONNA DEL PIANO	42.259963	12.166357
S00820	MADONNA DEL PILONE	44.695347	7.747639
S00501	MADONNA DELLA SCALA	44.993686	7.780994
S09773	MADONNA DELLE GRAZIE	40.708581	14.503453
S00083	MADONNA DI CAMPAGNA	45.103516	7.663963
S02490	MADONNA DI CAMPIGLIO	0.0	4.511256
S12853	MADONNA DI CASTRO	40.672018	9.046014
S02512	MAERNE DI MARTELLAGO	45.514799	12.150629
S01040	MAGENTA	45.468204	8.880633
S07002	MAGIONE	43.137356	12.202238
S08404	MAGLIANA	41.834235	12.431017
S00951	MAGLIANO CRAVA MOROZZO	44.445259	7.777852
S13182	MAGLIE	0.0	4.511256
S13183	MAGLIE VIA OTRANTO	0.0	4.511256
S05159	MAGNACAVALLO	44.980652	11.188014
S02033	MAGRE'-CORTACCIA	46.287976	11.232646
S03051	MAJANO	46.219372	13.066308
S01910	MALEO	45.170118	9.755201
S02200	MALLES VENOSTA	46.684542	10.546445
S01737	MALNATE	45.795367	8.878264
S01767	MALONNO	46.118711	10.316823
S01139	MALPENSA AEROPORTO TERMINAL 1	45.627904	8.711085
S01146	MALPENSA AEROPORTO TERMINAL 2	45.621165	8.704973
S07555	MALTIGNANO DEL TRONTO	42.844918	13.664738
S04735	MANAROLA	44.109904	9.727401
S11817	MANDATORICCIO CAMPANA	39.525442	16.893125
S01415	MANDELLO DEL LARIO	45.915208	9.322061
S01796	MANDOLOSSA	45.547021	10.153076
S13110	MANDURIA	0.0	4.511256
S01902	MANERBIO	45.357212	10.132348
S11054	MANFREDONIA	41.623046	15.908142
S11057	MANFREDONIA OVEST	41.588862	15.872782
S03084	MANIAGO	46.170057	12.714527
S07710	MANOPPELLO	42.305848	14.061057
S00700	MANTA	44.620887	7.494166
S02336	MANTOVA	45.158746	10.783165
S02380	MANTOVA FRASSINE	45.150491	10.831007
S03030	MANZANO	45.98811	13.375016
S08314	MANZIANA-CANALE MONTERANO	42.128246	12.134934
S00983	MARANO TICINO	45.629485	8.626172
S02142	MARANO VICENTINO	45.706864	11.4246
S11723	MARATEA	39.995028	15.70975
S12104	MARAUSA	37.92647	12.504113
S01921	MARCARIA	45.124518	10.533651
S12230	MARCATOBIANCO	37.717381	13.719922
S08507	MARCELLINA-PALOMBARA	41.999609	12.79134
S11728	MARCELLINA-VERBICARO-ORSOMARSO	39.766974	15.822665
S11953	MARCELLINARA	38.923103	16.466939
S09301	MARCIANISE	41.03596	14.287658
S11121	MARCONI	41.114796	16.899675
S11800	MARCONIA	40.316896	16.752317
S08716	MARECHIARO	41.470762	12.6123
S12141	MAREDOLCE	38.093149	13.39253
S00902	MARGARITA	44.380082	7.685738
S11107	MARGHERITA DI SAV./OFANTINO	41.343	16.136024
S01089	MARIANO COMENSE	45.693622	9.18147
S12234	MARIANOPOLI	37.623011	13.898901
S09750	MARIGLIANO	40.923733	14.460435
S08022	MARINA DI CERVETERI	41.979133	12.047924
S11724	MARINA DI MARATEA	39.959512	15.735953
S11862	MARINA DI S.LORENZO	37.919844	15.826365
S12854	MARINELLA	40.999129	9.55362
S07556	MARINO DEL TRONTO-FOLIGNANO	42.844346	13.632995
S08701	MARINO LAZIALE	41.768961	12.655994
S02214	MARLENGO	46.664558	11.138577
S07401	MARMORE	42.547499	12.715224
S02718	MAROCCO	45.545271	12.229425
S01783	MARONE - ZONE	45.738382	10.093484
S07107	MAROTTA-MONDOLFO	43.769748	13.137273
S06610	MARRADI-PALAZZUOLO SUL SENIO	44.07973	11.619174
S12879	MARRUBIU-TERRALBA-ARBOREA	39.75293	8.641144
S12107	MARSALA	37.793514	12.443174
S07970	MARSCIANO	42.899134	12.331497
S13104	MARTINA FRANCA	0.0	4.511256
S13128	MARTINA FRANCA-COLONNE GRASSI	0.0	4.511256
S07515	MARTINSICURO	42.882826	13.907842
S05105	MARZABOTTO	44.341237	11.207351
S12444	MARZAMEMI	36.7309	15.111238
S07109	MARZOCCA	43.677362	13.287922
S12323	MASCALI	37.765403	15.1942
S04811	MASCHIO	44.326605	8.436686
S05171	MASI TORELLO	-9.019376	4.511247
S06009	MASSA CENTRO	44.023741	10.136041
S07977	MASSA MARTANA	42.722114	12.529603
S05179	MASSAFISCAGLIA	-9.019376	4.511247
S11510	MASSAFRA	40.582968	17.107899
S05952	MASSALOMBARDA	44.448948	11.828068
S06350	MASSAROSA BOZZANO	43.855652	10.352022
S07301	MATELICA	43.25394	13.01509
S11670	MATERA	0.0	4.511256
S00093	MATHI	45.255625	7.540856
S13156	MATINO	0.0	4.511256
S09461	MATRICE-MONTAGANO-S.GIOVANNI IN GALDO	41.621321	14.699561
S12110	MAZARA DEL VALLO	37.652448	12.594565
S01087	MEDA	45.662326	9.158982
S00406	MEDE	45.095009	8.742594
S06102	MEDESANO	44.749265	10.140335
S03082	MEDUNO	46.200678	12.80282
S12346	MEGARA G.	37.193164	15.183205
S01019	MEINA	45.794389	8.535452
S07065	MELANO MARISCHIO	43.345046	12.858866
S04106	MELE	44.472797	8.733953
S01822	MELEGNANO	45.356321	9.319271
S11206	MELFI	40.989871	15.646895
S13179	MELISSANO	0.0	4.511256
S11863	MELITO DI PORTO SALVO	37.916732	15.780816
S13181	MELPIGNANO	0.0	4.511256
S01705	MELZO	45.502191	9.420653
S06075	MEMMENANO	-9.019376	4.511247
S13143	MENDRISIO	45.88256	8.961338
S02668	MEOLO	45.61319	12.453969
S00875	MERANA	44.519368	8.298327
S02216	MERANO	46.673066	11.148978
S02217	MERANO-MAIA BASSA	46.656202	11.147931
S09837	MERCATELLO	40.606491	15.38979
S09706	MERCATO S.SEVERINO	40.783095	14.759749
S00156	MERCENASCO	45.353436	7.886405
S01012	MERGOZZO	45.961303	8.440881
S01454	MERONE	45.781374	9.243772
S11607	MESAGNE	40.563203	17.802082
S12301	MESSINA CENTRALE	38.184975	15.561278
S12300	MESSINA MARITTIMA	38.14988	15.534997
S02580	MESTRINO	45.457878	11.773859
S11461	METAPONTO	40.368496	16.815176
S01851	MEZZANI RONDANI	44.966764	10.398818
S05810	MEZZANO	44.463	12.098501
S02035	MEZZOCORONA	46.207258	11.128595
S05997	MEZZOLARA	0.0	4.511256
S13189	MIGGIANO	0.0	4.511256
S05176	MIGLIARINO	-9.019376	4.511247
S05178	MIGLIARO	-9.019376	4.511247
S04212	MIGNANEGO	44.539031	8.929951
S09201	MIGNANO MONTE LUNGO	41.407585	13.986672
S01078	MILANO AFFORI	45.521241	9.167714
S01642	MILANO BOVISA POLITECNICO	45.502993	9.159235
S01079	MILANO BRUZZANO PARCO NORD	45.52841	9.171269
S01066	MILANO CADORNA	45.468537	9.175246
S01700	MILANO CENTRALE	45.486347	9.204528
S01640	MILANO CERTOSA	45.507019	9.133863
S01650	MILANO DATEO	45.462341	9.209277
S01067	MILANO DOMODOSSOLA	45.481095	9.16199
S01492	MILANO FORLANINI	45.459555	9.23023
S01326	MILANO GRECO PIRELLI	45.51272	9.214456
S01701	MILANO LAMBRATE	45.484933	9.237333
S01643	MILANO LANCETTI	45.492632	9.175832
S01645	MILANO PORTA GARIBALDI	45.484917	9.187683
S01647	MILANO PORTA GARIBALDI SOTTERRANEA	45.484228	9.185122
S01631	MILANO PORTA GENOVA	45.453379	9.169303
S01649	MILANO PORTA VENEZIA	45.471121	9.201889
S01633	MILANO PORTA VITTORIA	45.459579	9.21813
S01069	MILANO QUARTO OGGIARO	45.519093	9.14539
S01648	MILANO REPUBBLICA	45.476242	9.191903
S01820	MILANO ROGOREDO	45.433866	9.2391
S01032	MILANO ROMOLO	45.445008	9.168933
S01630	MILANO S.CRISTOFORO	45.442404	9.130258
S01632	MILANO SCALO ROMANA	45.445844	9.213128
S01022	MILANO TIBALDI UNIVERSITA' BOCCONI	45.444873	9.19182
S01639	MILANO VILLAPIZZONE	45.504486	9.144561
S12042	MILAZZO	38.21195	15.244203
S11790	MILETO	38.577082	16.060041
S12003	MILI MARINA	38.125758	15.519042
S12276	MILITELLO	37.277194	14.78317
S12157	MILO	37.996862	12.577749
S12235	MIMIANI-S.CATALDO	37.547382	13.963966
S06954	MIMMOLE	43.858111	11.265292
S12275	MINEO	37.24572	14.756907
S11403	MINERVINO MURGE	41.081788	16.074974
S09150	MINTURNO-SCAURI	41.257621	13.720664
S06227	MINUCCIANO-PIEVE-CASOLA	44.194385	10.193837
S02835	MIRA BUSE	45.427203	12.138986
S02588	MIRA MIRANO	45.462943	12.118789
S01867	MIRADOLO TERME	45.162007	9.449952
S03311	MIRAMARE	45.7049	13.719627
S05311	MIRANDOLA	44.891638	11.111689
S11814	MIRTO CROSIA	39.604876	16.777366
S07119	MISANO ADRIATICO	43.977493	12.697121
S00201	MODANE	45.235247	6.64102
S00190	MODANE FOURNEAUX	45.240979	6.638769
S05032	MODENA	44.654461	10.930373
S05187	MODENA FORNACI	0.0	4.511256
S05188	MODENA PIAZZA MANZONI	0.0	4.511256
S12417	MODICA	36.8529	14.754255
S11516	MODUGNO	41.077209	16.762316
S11515	MODUGNO CITTA'	41.086437	16.779596
S02717	MOGLIANO VENETO	45.561964	12.23274
S01456	MOIANA	45.787082	9.255607
S12363	MOJO-ALCANTARA MALVAGNA	37.896949	15.050228
S11127	MOLA DI BARI	41.057227	17.080919
S04102	MOLARE	44.621975	8.609904
S11114	MOLFETTA	41.196008	16.596793
S07424	MOLINA-CASTELVECCHIO SUBEQUO	42.143476	13.739644
S05018	MOLINELLA	0.0	4.511256
S05112	MOLINO DEL PALLONE	44.100128	10.961252
S01458	MOLTENO	45.780939	9.301683
S00873	MOMBALDONE-ROCCAVERANO	44.569891	8.332781
S00808	MOMBARUZZO	44.76235	8.441006
S00019	MOMO	45.574646	8.55689
S11844	MONASTERACE-STILO	38.437591	16.574444
S00721	MONASTERO PRATAVECCHI	44.484517	7.44679
S00453	MONCALIERI	44.998187	7.678027
S00510	MONCALIERI SANGONE	45.000393	7.667991
S00340	MONCALVO	45.059463	8.261905
S00735	MONCHIERO DOGLIANI	44.571815	7.917635
S00952	MONDOVI`	44.398255	7.816339
S04727	MONEGLIA	44.242449	9.486957
S03310	MONFALCONE	45.807683	13.542929
S00801	MONGARDINO	44.84161	8.207411
S11905	MONGRASSANO-CERVICATI	39.538462	16.222511
S02111	MONGUELFO-VALLE DI CASIES	46.752775	12.107264
S11129	MONOPOLI	40.952017	17.292455
S07023	MONSAMPOLO DEL TRONTO	42.881479	13.803556
S07553	MONSAMPOLO DEL TRONTO	42.881488	13.803569
S05703	MONSELICE	45.246116	11.74789
S02392	MONTAGNANA	45.228238	11.459873
S09319	MONTAGUTO PANNI	41.235362	15.235132
S06415	MONTALE AGLIANA	43.912924	11.008309
S06856	MONTALLESE	43.064888	11.90928
S08008	MONTALTO DI CASTRO	42.334623	11.595085
S00153	MONTALTO DORA	45.490309	7.858986
S00160	MONTANARO	45.232674	7.858331
S06820	MONTE ANTICO	42.981054	11.359819
S12973	MONTE ARCAU	39.244501	8.543347
S07014	MONTE MELINO	43.106303	12.249698
S08605	MONTE S.BIAGIO-TERRACINA MARE	41.345967	13.347037
S06068	MONTE SAN SAVINO	-9.019376	4.511247
S02443	MONTEBELLO	45.45251	11.390803
S02570	MONTEBELLUNA	45.776434	12.054
S09315	MONTECALVO-BUONALBERGO-CASALBORE	41.2211	14.9795
S06408	MONTECARLO S.SALVATORE	43.850798	10.68537
S07203	MONTECAROTTO-CASTELBELLINO	43.500005	13.1481
S07947	MONTECASTELLI	43.323079	12.305268
S07946	MONTECASTELLI PONTE TEVERE	43.332424	12.293441
S07980	MONTECASTRILLI	42.65058	12.513353
S06412	MONTECATINI CENTRO	43.881216	10.77081
S06411	MONTECATINI TERME-MONSUMMANO	43.879327	10.780588
S00872	MONTECHIARO DENICE	44.600827	8.352185
S00428	MONTECHIARO D`ASTI	44.999849	8.10982
S07950	MONTECORONA	43.266984	12.376153
S09822	MONTECORVINO	40.617439	14.944628
S07310	MONTECOSARO	43.289297	13.646378
S09602	MONTEFALCIONE	40.951114	14.886432
S08303	MONTEFIASCONE	42.520268	12.050448
S09529	MONTEFREDANE	40.951143	14.827771
S11805	MONTEGIORDANO	40.040812	16.597907
S00803	MONTEGROSSO	44.818465	8.239171
S11601	MONTEIASI	40.523852	17.361457
S09612	MONTELLA	40.845175	15.032758
S01535	MONTELLO GORLAGO	45.67017	9.808488
S06511	MONTELUPO CAPRAIA	43.733357	11.018997
S12203	MONTEMAGGIORE BELSITO	37.859037	13.693193
S09610	MONTEMARANO	40.900728	15.039506
S07110	MONTEMARCIANO	43.651397	13.346478
S09603	MONTEMILETTO	40.993606	14.920685
S07825	MONTENERO PETACCIATO	42.033286	14.851015
S11836	MONTEPAONE-MONTAURO	38.728548	16.541944
S06038	MONTEPESCALI	42.869518	11.068743
S07554	MONTEPRANDONE	42.894183	13.849996
S06855	MONTEPULCIANO	43.135353	11.856865
S03085	MONTEREALE VALCELLINA	46.148009	12.658923
S09057	MONTERODUNI	41.528345	14.156514
S06871	MONTERONI D'ARBIA	43.230036	11.419662
S13148	MONTERONI DI LECCE	0.0	4.511256
S04732	MONTEROSSO	44.145967	9.649009
S07062	MONTEROSSO MARCHE	43.462227	12.818339
S08215	MONTEROTONDO-MENTANA	42.06409	12.595753
S09909	MONTESANO BUONABITACOLO	40.286725	15.653794
S05801	MONTESANTO	44.732964	11.73652
S07808	MONTESILVANO	42.515766	14.152567
S00422	MONTEU DA PO	45.158353	8.022925
S06910	MONTEVARCHI TERRANUOVA	43.525165	11.563983
S09624	MONTEVERDE	40.967691	15.568502
S12857	MONTI TELTI	40.829632	9.322814
S09622	MONTICCHIO	40.923923	15.539231
S01971	MONTICELLI D'ONGINA	45.075666	9.949036
S00823	MONTICELLO D`ALBA	44.703736	7.965002
S00426	MONTIGLIO MURISENGO	45.067664	8.106913
S01840	MONTIRONE	45.451352	10.239482
S09518	MONTORO FORINO	40.819987	14.757381
S09517	MONTORO SUPERIORE	40.831616	14.80217
S09528	MONTORSI	41.080487	14.786519
S06601	MONTORSOLI	43.881903	11.265484
S01322	MONZA	45.577789	9.273253
S01493	MONZA EST PARCO	45.590572	9.29102
S01480	MONZA SOBBORGHI	45.582082	9.284375
S06225	MONZONE-MONTE DEI BIANCHI-ISOLANO	44.165637	10.123827
S05132	MONZUNO-VADO	44.322277	11.262082
S00177	MORANO SUL PO	45.170793	8.366168
S01425	MORBEGNO	46.136663	9.568646
S13161	MORCIANO B.C.G.	0.0	4.511256
S09503	MORCONE	41.340445	14.677658
S01710	MORENGO BARIANO	45.521639	9.703114
S12864	MORES ITTIREDDU	40.555954	8.875838
S00544	MORETTA	44.765514	7.530303
S00131	MORGEX	45.757055	7.033898
S02046	MORI	45.861216	11.002648
S01144	MORNAGO CIMBRO	45.729742	8.734193
S08660	MOROLO	41.667018	13.194557
S01740	MOROSOLO CASCIAGO	45.826645	8.777145
S09617	MORRA DE SANCTIS TEORA	40.890563	15.239328
S08813	MORREA-CASTRONOVO-RENDINARA	41.851987	13.488106
S07309	MORROVALLE MONTE S.GIUSTO	43.279189	13.58285
S00034	MORTARA	45.252171	8.731639
S07904	MOSCIANO S.ANGELO	42.710309	13.908563
S03302	MOSSA	45.935114	13.547281
S12360	MOTTA CAMASTRA	37.890651	15.163764
S02767	MOTTA DI LIVENZA	45.779114	12.607118
S12250	MOTTA S.ANASTASIA	37.460389	14.936912
S01862	MOTTA S.DAMIANO	45.178344	9.219866
S11865	MOTTA S.GIOVANNI LAZZARO	37.976978	15.659977
S02339	MOTTEGGIANA	45.029685	10.755439
S12105	MOZIA-BIRGI	37.884956	12.499016
S01726	MOZZATE	45.677846	8.955188
S02332	MOZZECANE	45.306687	10.823657
S05974	MUFFA	0.0	4.511256
S04713	MULINETTI	44.362614	9.129499
S13093	MUNGIVACCA	0.0	4.511256
S08400	MURATELLA	41.826182	12.412696
S06876	MURLO	43.11398	11.400394
S13184	MURO LECCESE	0.0	4.511256
S12953	MUSEI	39.28837	8.676528
S05139	MUSIANO-PIAN DI MACINA	44.402423	11.344912
S00824	MUSSOTTO	44.713227	8.015194
S03204	MUZZANA DEL TURGNANO	45.816817	13.132376
S00000	N.D.	44.398467	10.942383
S09988	NAPOLI AFRAGOLA	40.930696	14.331179
S09041	NAPOLI AFRAGOLA PES	40.929762	14.351292
S09103	NAPOLI CAMPI FLEGREI	40.822462	14.194649
S09218	NAPOLI CENTRALE	40.852933	14.272908
S09110	NAPOLI GIANTURCO	40.853959	14.288213
S09105	NAPOLI MERGELLINA	40.831531	14.218662
S09107	NAPOLI MONTESANTO	40.847807	14.244022
S09106	NAPOLI PIAZZA AMEDEO	40.838506	14.232974
S09108	NAPOLI PIAZZA CAVOUR	40.855248	14.255175
S09109	NAPOLI PIAZZA GARIBALDI	40.852326	14.275159
S09104	NAPOLI PIAZZA LEOPARDI	40.82397	14.199117
S09800	NAPOLI S.GIOVANNI BARRA	40.831269	14.307811
S13151	NARDO' CENTRALE	0.0	4.511256
S13150	NARDO' CITTA'	0.0	4.511256
S07230	NARNI AMELIA	42.53128	12.519592
S00734	NARZOLE	44.598377	7.881597
S11600	NASISI	40.50791	17.257802
S02211	NATURNO	46.645095	11.004303
S06502	NAVACCHIO	43.685941	10.486806
S00827	NEIVE	44.723048	8.121071
S07026	NEPEZZANO-PIANO D'ACCIO	42.735378	13.758823
S07229	NERA MONTORO	42.497855	12.476587
S08710	NETTUNO	41.459558	12.662123
S01773	NIARDO - LOSINE	45.981416	10.325673
S00976	NIBBIA	45.481363	8.557993
S07948	NICCONE	43.31409	12.30478
S00511	NICHELINO	44.99132	7.642068
S00273	NICORVO	45.275462	8.6712
S11764	NICOTERA	38.549328	15.933749
S00739	NIELLA	44.415377	7.926365
S12392	NISCEMI	37.145	14.403471
S12311	NIZZA DI SICILIA	37.996937	15.412334
S00834	NIZZA MONFERRATO	44.772905	8.361146
S02510	NOALE-SCORZE'	45.553833	12.074888
S09814	NOCERA INFERIORE	40.745318	14.635346
S09709	NOCERA INFERIORE MERCATO	40.745668	14.649129
S09815	NOCERA SUPERIORE	40.742597	14.672398
S11746	NOCERA TIRINESE	39.015913	16.119677
S07213	NOCERA UMBRA	43.100663	12.767207
S06101	NOCETO	44.809934	10.147258
S13125	NOCI	0.0	4.511256
S05310	NOGARA	45.179937	11.070572
S13119	NOICATTARO	0.0	4.511256
S09700	NOLA	40.923652	14.525004
S00091	NOLE	45.24165	7.570774
S00513	NONE	44.938011	7.540068
S07903	NOTARESCO	42.706502	13.876365
S12424	NOTO	36.88247	15.074523
S11803	NOVA SIRI ROTONDELLA	40.130311	16.644044
S00248	NOVARA	45.451376	8.624895
S00023	NOVARA NORD	45.452267	8.627562
S12039	NOVARA-MONTALBANO-FURNARI	38.121516	15.130702
S01070	NOVATE MILANESE	45.533295	9.132632
S01403	NOVATE-MEZZOLA	46.216595	9.446573
S02734	NOVE	46.050895	12.313312
S05940	NOVELLARA	0.0	4.511256
S04203	NOVI LIGURE	44.762521	8.787289
S13116	NOVOLI	0.0	4.511256
S06351	NOZZANO	43.829956	10.40716
S00920	NUCETTO	44.338871	8.061386
S08231	NUOVO SALARIO	41.956195	12.510317
S00140	NUS	45.738786	7.4712
S09614	NUSCO	40.872272	15.095642
S05710	OCCHIOBELLO	44.899384	11.621197
S02765	ODERZO	45.775304	12.49293
S07551	OFFIDA CASTEL DI LAMA	42.862074	13.720285
S01460	OGGIONO	45.788993	9.33748
S12333	OGNINA PES	37.529316	15.114323
S12855	OLBIA	40.924595	9.498293
S12863	OLBIA (NEW)	40.920035	9.498793
S12901	OLBIA MARITTIMA ISOLA BIANCA	40.922597	9.523706
S00244	OLCENENGO	45.34147	8.310096
S01414	OLCIO	45.938011	9.313898
S00984	OLEGGIO	45.598029	8.632586
S00036	OLEVANO	45.212119	8.71182
S08333	OLGIATA	42.01538	12.363864
S01514	OLGIATE-CALCO-BRIVIO	45.729166	9.40377
S12037	OLIVERI TINDARI	38.128346	15.056573
S04480	OLIVETTA S.MICHELE	43.878345	7.535066
S01905	OLMENETA	45.231099	10.03194
S02760	OLMI SPERCENIGO	45.679467	12.338101
S00010	OMEGNA	45.87179	8.413291
S00008	OMEGNA-CRUSINALLO	45.898138	8.413929
S11708	OMIGNANO SALENTO	40.252688	15.134406
S02031	ORA	46.36092	11.296781
S08004	ORBETELLO-MONTE ARGENTARIO	42.450615	11.248972
S06022	ORCIANO	43.500263	10.477566
S11202	ORDONA	41.315006	15.620567
S11605	ORIA	40.508167	17.646534
S02834	ORIAGO	45.294869	12.041715
S08518	ORICOLA-PERETO	42.067835	13.044214
S01870	ORIO LITTA	45.166778	9.550592
S08313	ORIOLO	42.166825	12.138499
S02203	ORIS	46.626672	10.645989
S12878	ORISTANO	39.902033	8.603974
S00927	ORMEA	44.148004	7.914798
S00006	ORNAVASSO	45.970296	8.415892
S12121	ORSA	38.190454	13.119126
S02704	ORSAGO	45.928068	12.434259
S09320	ORSARA DI PUGLIA	41.241899	15.27766
S00012	ORTA MIASINO	45.795865	8.421217
S11102	ORTANOVA	41.350441	15.732059
S08209	ORTE	42.43728	12.408986
S08203	ORVIETO	42.723379	12.127412
S12860	OSCHIRI	40.713273	9.107749
S07502	OSIMO CASTELFIDARDO	43.497033	13.547263
S01512	OSNAGO	45.678532	9.386995
S03050	OSOPPO	46.249011	13.084758
S02395	OSPEDALETTO EUGANEO	45.221706	11.606553
S01871	OSPEDALETTO LODIGIANO	45.16933	9.575164
S07012	OSPEDALICCHIO	43.082369	12.506572
S02554	OSPITALE DI CADORE	46.325771	12.318429
S01922	OSPITALETTO MANTOVANO	45.129748	10.604406
S01716	OSPITALETTO TRAVAGLIATO	45.546042	10.074363
S05175	OSTELLATO	-9.019376	4.511247
S05302	OSTERIA NUOVA	44.586613	11.236525
S06160	OSTIA PARMENSE	44.520136	9.844981
S05304	OSTIGLIA	45.072228	11.141059
S11132	OSTUNI	40.752356	17.580809
S13193	OTRANTO	0.0	4.511256
S08324	OTTAVIA	41.960976	12.409457
S09751	OTTAVIANO	40.85256	14.493479
S00204	OULX CESANA CLAVIERE SESTRIERE	45.038789	6.831432
S04103	OVADA	44.630377	8.632301
S04007	OVADA NORD	44.646656	8.644633
S00840	OVIGLIO	44.859537	8.494998
S12862	OZIERI CHILIVANI	40.609496	8.933744
S12861	OZIERI FRAIGAS	40.627334	8.986497
S05055	OZZANO DELL'EMILIA	44.450797	11.487297
S00337	OZZANO MONFERRATO	45.107581	8.372296
S06152	OZZANO TARO	44.712268	10.141022
S07815	Ortona	42.354196	14.407698
S06162	P.M.GRONDOLA - GUINADI	44.423656	9.843326
S03032	P.M.VAT	46.092872	13.247412
S12881	PABILLONIS	39.610878	8.741013
S12045	PACE DEL MELA	38.202459	15.312676
S12103	PACECO	37.991354	12.550844
S12445	PACHINO	36.710144	15.094661
S01082	PADERNO DUGNANO	45.564969	9.16118
S01794	PADERNO FRANCIACORTA	45.586615	10.087161
S01502	PADERNO ROBBIATE	45.678307	9.439202
S08707	PADIGLIONE	41.513518	12.629476
S02581	PADOVA	45.417846	11.880794
S09908	PADULA	40.335142	15.629921
S09313	PADULI SUL CALORE	41.146232	14.838878
S02540	PAESE	45.669207	12.161677
S02602	PAESE CASTAGNOLE	45.691182	12.182619
S11703	PAESTUM	40.421691	15.014915
S09813	PAGANI	40.74654	14.616996
S07416	PAGANICA	42.334751	13.464317
S11508	PALAGIANELLO	40.610906	16.975202
S11464	PALAGIANO CHIATONA	40.516998	17.059217
S11509	PALAGIANO MOTTOLA	40.601744	17.065478
S12279	PALAGONIA	37.318146	14.892565
S07952	PALAZZACCIA	43.229933	12.411045
S12130	PALAZZO REALE-ORLEANS	38.10878	13.353962
S11303	PALAZZO S.GERVASIO-MONTEMILONE	40.93929	15.98982
S03203	PALAZZOLO DELLO STELLA	45.803403	13.083957
S01083	PALAZZOLO MILANESE	45.581078	9.156509
S01538	PALAZZOLO SULL'OGLIO	45.601486	9.896235
S00175	PALAZZOLO VERCELLESE	45.189004	8.232787
S08904	PALENA	41.918401	14.105189
S12133	PALERMO AEROPORTO	38.188892	13.110059
S12055	PALERMO BRANCACCIO	38.093141	13.392508
S12140	PALERMO CARDILLO	38.17495	13.296897
S12002	PALERMO CENTRALE	38.109187	13.367515
S12065	PALERMO DE GASPERI	38.119036	13.345324
S12139	PALERMO FRANCIA	38.155233	13.321938
S12144	PALERMO GUADAGNA	38.109195	13.367526
S12069	PALERMO LA MALFA	0.0	4.511256
S12075	PALERMO LIBERTA'	88.064	42.299
S12000	PALERMO MARITTIMA	38.130732	13.360768
S12134	PALERMO NOTARBARTOLO	38.132261	13.341572
S12077	PALERMO POLITEAMA PES	38.118885	13.361527
S12076	PALERMO PORTO	38.132364	13.362331
S12132	PALERMO S.LORENZO	38.16292	13.316449
S12004	PALERMO SAMPOLO	38.139247	13.355021
S12066	PALERMO SFERRACAVALLO	38.11089	13.322042
S12131	PALERMO TOMMASO NATALE	38.190283	13.28819
S12135	PALERMO VESPRI	38.101996	13.362701
S00271	PALESTRO	45.307274	8.534511
S02343	PALIDANO	44.972228	10.777412
S11859	PALIZZI	37.91881	15.986405
S00002	PALLANZENO	46.043533	8.260645
S06220	PALLERONE	44.204232	10.005173
S09701	PALMA S.GENNARO	40.864149	14.540472
S03122	PALMANOVA	45.906862	13.296461
S11769	PALMI	38.364914	15.84438
S08509	PALMIRO TOGLIATTI	41.903153	12.574269
S08018	PALO LAZIALE	41.939327	12.102739
S07112	PALOMBINA	43.61701	13.429721
S06605	PANICAGLIA	43.978449	11.407511
S08699	PANTANELLA	41.779396	12.634791
S07234	PANTIERE DI CASTELBELLINO	43.500941	13.183116
S11739	PAOLA	39.359442	16.033093
S07968	PAPIANO	42.961347	12.359374
S01035	PARABIAGO	45.552441	8.946319
S13155	PARABITA	0.0	4.511256
S01620	PARATICO SARNICO	45.662478	9.961417
S08412	PARCO LEONARDO	41.79932	12.29543
S11759	PARGHELIA	38.683341	15.925042
S05014	PARMA	44.810203	10.32837
S01060	PARONA LOMELLINA	45.280107	8.780315
S12124	PARTINICO	38.05857	13.108956
S13106	PASCAROSA	0.0	4.511256
S07001	PASSIGNANO SUL TRASIMENO	43.188324	12.133128
S01793	PASSIRANO	45.590075	10.06378
S12339	PASSOMARTINO	37.396391	15.009698
S09836	PASTENA	40.664925	14.800109
S08552	PATERNO-S.PELINO	42.057128	13.472269
S09607	PATERNOPOLI	40.972903	15.009932
S12036	PATTI-S.PIERO PATTI	38.146905	14.975331
S12874	PAULILATINO	40.077373	8.775812
S01860	PAVIA	45.188843	9.144674
S01861	PAVIA PORTA GARIBALDI	45.183996	9.167331
S08731	PAVONA	41.723897	12.61116
S08224	PC ALLERONA	42.804432	12.016229
S08225	PC ORVIETO	41.979641	12.508456
S00207	PC. MEANA	45.124481	7.059748
S07510	PEDASO	43.094694	13.844906
S02567	PEDEROBBA CAVASO POSSAGNO	45.877299	11.965222
S05154	PEGOGNAGA	-9.019376	4.511247
S09521	PELLEZZANO	40.719928	14.777354
S00341	PENANGO	45.032254	8.235138
S02553	PERAROLO DI CADORE	46.386277	12.352493
S02018	PERCA-PLAN DE CORONES	46.790273	11.978941
S02305	PERGINE	46.062482	11.232637
S07060	PERGOLA	43.549653	12.832973
S02052	PERI	45.658402	10.900314
S00311	PERTENGO	45.233305	8.426739
S07004	PERUGIA	43.103808	12.375567
S07020	PERUGIA CAPITINI	43.102308	12.35587
S07983	PERUGIA PALLOTTA	43.095464	12.391277
S07005	PERUGIA PONTE S.GIOVANNI	43.091801	12.438239
S07984	PERUGIA S.ANNA	0.0	4.511256
S07013	PERUGIA SILVESTRINI	43.081362	12.351358
S07006	PERUGIA UNIVERSITA'	43.117105	12.356375
S07104	PESARO	43.906014	12.904848
S07810	PESCARA	42.467789	14.205066
S07811	PESCARA PORTA NUOVA	42.458072	14.211663
S07017	PESCARA S.MARCO	42.44613	14.208981
S07019	PESCARA TRIBUNALE	42.449003	14.219805
S02088	PESCHIERA DEL GARDA	45.438502	10.702509
S06409	PESCIA	43.886811	10.686074
S08532	PESCINA	42.037564	13.668981
S08811	PESCOCANALE	41.9589	13.391624
S08915	PESCOLANCIANO-CHIAUCI	41.678996	14.341588
S09507	PESCOSANNITA FRAGNETO L'ABATE	41.236154	14.788527
S00457	PESSIONE	44.965132	7.841321
S09901	PETINA	40.560347	15.389298
S12109	PETROSINO STRASATTI	37.725466	12.509434
S00011	PETTENASCO	45.820498	8.406802
S08901	PETTORANO SUL GIZIO	41.974557	13.965036
S05000	PIACENZA	45.052238	9.70633
S01919	PIADENA	45.127608	10.369962
S01780	PIAN CAMUNO - GRATACASOLO	45.840142	10.13886
S06952	PIAN DEL MUGNONE	43.813899	11.265994
S01776	PIAN DI BORNO	45.915901	10.22157
S07973	PIAN DI PORTO	42.816792	12.375991
S05114	PIAN DI VENOLA	44.332136	11.188609
S00876	PIANA	44.486383	8.308796
S08222	PIANA BELLA DI MONTELIBRETTI	42.105159	12.632938
S12394	PIANA DEL SIGNORE	37.056089	14.304292
S09026	PIANA DI MONTE VERNA	-9.019376	4.511247
S09317	PIANEROTTOLO D'ARIANO	41.188984	15.145482
S00903	PIANFEI	44.385228	7.717109
S07990	PIANIBBIE	-9.019376	4.511247
S07714	PIANO D'ORTA BOLOGNANO	42.254455	13.951514
S04216	PIANO ORIZZONTALE DEI GIOVI	44.530912	8.9192
S05131	PIANORO	44.380589	11.340675
S02705	PIANZANO	45.913397	12.388168
S06325	PIAZZA AL SERCHIO	44.182515	10.296615
S08226	PIAZZALE EST TIBURTINA	41.914261	12.5305
S05924	PIAZZOLA	0.0	4.511256
S12334	PICANELLO	37.518736	15.110067
S09833	PICERNO	40.640122	15.641612
S09999	PIEDIMONTE MATESE	41.062399	14.253549
S08680	PIEDIMONTE-VILLA S.LUCIA-AQUINO	41.495674	13.731318
S00003	PIEDIMULERA	46.024348	8.261237
S07951	PIERANTONIO	43.248277	12.399752
S04520	PIETRA LIGURE	44.145345	8.277403
S04209	PIETRABISSARA	44.658637	8.926969
S11213	PIETRAGALLA	40.753314	15.79211
S11816	PIETRAPAOLA	39.540121	16.860819
S09801	PIETRARSA-S.GIORGIO A CREMANO	40.822433	14.32058
S06012	PIETRASANTA	43.95583	10.229731
S09508	PIETRELCINA	41.18865	14.832469
S00402	PIEVE ALBIGNOLA	45.116248	8.959723
S01104	PIEVE EMANUELE	45.334055	9.198619
S04711	PIEVE LIGURE	44.372644	9.090975
S05944	PIEVE ROSSA	0.0	4.511256
S05962	PIEVE SALICETO	0.0	4.511256
S00004	PIEVE VERGONTE	46.009783	8.276298
S00922	PIEVETTA	44.257449	8.021744
S09207	PIGNATARO MAGGIORE	41.17384	14.160545
S05970	PILASTRINO	44.488278	11.229324
S01786	PILZONE	45.674406	10.079102
S01931	PINAROLO PO	45.073415	9.170273
S00517	PINEROLO	44.887673	7.337402
S00082	PINEROLO OLIMPICA	44.893325	7.349043
S08334	PINETO	41.909222	12.438385
S07806	PINETO ATRI	42.607736	14.069072
S19006	PINO TRONZANO	46.095582	8.711145
S01110	PINO TRONZANO	46.095582	8.711145
S03055	PINZANO	46.179217	12.950779
S01703	PIOLTELLO LIMITO	45.486019	9.329319
S06770	PIOMBINO	42.924854	10.530959
S06772	PIOMBINO BINARI PORTO VECCHIO	42.931641	10.539901
S02509	PIOMBINO DESE	45.60944	12.00058
S06775	PIOMBINO MARITTIMA	42.928931	10.54525
S01406	PIONA	46.124696	9.350759
S05106	PIOPPE DI SALVARO	44.310761	11.161785
S02598	PIOVE DI SACCO	0.0	4.511256
S12125	PIRAINETO	38.169148	13.14256
S06450	PISA BINARI AEROPORTO	43.698555	10.398436
S06500	PISA CENTRALE	43.70794	10.398183
S06501	PISA/BINARI PISA S.ROSSORE	43.723702	10.387363
S07963	PISCILLE	43.085745	12.415309
S00515	PISCINA DI PINEROLO	44.921744	7.425482
S09625	PISCIOLO	41.018914	15.565446
S11712	PISCIOTTA PALINURO	40.091539	15.243601
S01014	PISOGNE	45.806625	10.105667
S11459	PISTICCI	40.420848	16.552181
S06414	PISTOIA	43.926804	10.914624
S05151	PISTOIA OVEST	43.936525	10.904017
S05116	PITECCIO	44.009786	10.9013
S01806	PIZZALE-LUNGAVILLA	45.049837	9.068968
S01911	PIZZIGHETTONE	45.181772	9.777133
S11753	PIZZO	38.726323	16.150615
S02212	PLAUS	46.65844	11.041057
S12816	PLOAGHE	40.66132	8.728075
S01310	PM ALBATE	45.777371	9.073461
S00141	PM CHAMBAVE	45.744163	7.557301
S11788	PM ECCELLENTE	38.809696	16.232598
S11952	PM FEROLETO ANTICO PIANOPOLI	38.938255	16.36622
S11871	PM GABELLA GRANDE	39.146447	17.10991
S11825	PM ISOLA CAPO RIZZUTO	39.043084	17.071764
S11908	PM MONTALTO ROSE	39.407213	16.247291
S00144	PM MONTJOVET	45.704586	7.666871
S06924	PM PANICALE SANFATUCCHIO	43.065535	12.056347
S00138	PM QUART	45.741372	7.414645
S11827	PM S.LEONARDO DI CUTRO	38.954221	16.964409
S11714	PM S.MAURO LA BRUCA	40.09683	15.298924
S05322	PM TAVERNELLE EMILIA	44.575403	11.243917
S11869	PM THURIO	39.69651	16.474098
S00842	POCAPAGLIA	44.701066	7.892496
S13186	POGGIARDO	0.0	4.511256
S06805	POGGIBONSI-S.GIMIGNANO	43.468093	11.149455
S07428	POGGIO FIDONI	42.395811	12.795429
S11023	POGGIO IMPERIALE	41.805561	15.35707
S08213	POGGIO MIRTETO	42.242187	12.633043
S05720	POGGIO RENATICO	44.767292	11.483701
S05308	POGGIO RUSCO	44.981859	11.124627
S06323	POGGIO-CAREGGINE-VAGLI	44.148541	10.350626
S11305	POGGIORSINI	40.935221	16.266897
S01433	POGGIRIDENTI-TRESIVIO-PIATEDA	46.166888	9.93382
S00904	POGLIOLA	44.399796	7.75057
S05708	POLESELLA	44.961039	11.738498
S11718	POLICASTRO BUSSENTINO	40.076482	15.528438
S05189	POLICLINICO	44.636457	10.929787
S11802	POLICORO TURSI	40.207304	16.688819
S11128	POLIGNANO A MARE	40.990926	17.218676
S09903	POLLA	40.512921	15.497238
S07305	POLLENZA	43.240933	13.367031
S12021	POLLINA-S.MAURO CASTELVERDE	38.018	14.175943
S01125	POMBIA	45.649547	8.637037
S08601	POMEZIA-S.PALOMBA	41.706171	12.573611
S09810	POMPEI	40.745918	14.501109
S00890	PONT CANAVESE	45.420436	7.60442
S00149	PONT-SAINT-MARTIN	45.589834	7.795024
S06904	PONTASSIEVE	43.773949	11.437904
S06807	PONTE A ELSA	43.694385	10.906008
S06312	PONTE A MORIANO	43.908371	10.534264
S06869	PONTE A TRESSA	43.250844	11.39617
S09325	PONTE ALBANITO	41.35148	15.532976
S09309	PONTE CASALDUNI	41.214169	14.696458
S01912	PONTE D'ADDA	45.184352	9.790737
S02225	PONTE D'ADIGE	46.485444	11.297719
S05123	PONTE DELLA VENTURINA	44.128589	10.990756
S02585	PONTE DI BRENTA	45.429216	11.947734
S08529	PONTE DI NONA	42.061563	13.581585
S02763	PONTE DI PIAVE	45.719624	12.460683
S07961	PONTE FELCINO	43.111976	12.441348
S08403	PONTE GALERIA	41.818349	12.344733
S02020	PONTE GARDENA-LAION	46.6012	11.53251
S06752	PONTE GINORI	43.335594	10.740536
S01434	PONTE IN VALTELLINA	46.162631	9.975895
S02558	PONTE NELLE ALPI POLPET	46.182328	12.277604
S07233	PONTE PARRANO DI NOCERA UMBRA	43.137437	12.776376
S07955	PONTE PATTOLI	43.166277	12.432098
S05919	PONTE RONCA	0.0	4.511256
S09841	PONTE S.CONO	40.608015	15.389778
S02082	PONTE S.MARCO-CALCINATO	45.473788	10.409018
S01528	PONTE S.PIETRO	45.69916	9.584322
S12005	PONTE S.STEFANO	38.097147	15.503587
S12060	PONTE SCHIAVO	38.08013	15.493863
S07959	PONTE VALLECEPPI	43.08501	12.439836
S03010	PONTEBBA	46.508463	13.311357
S09821	PONTECAGNANO	40.641033	14.870272
S05103	PONTECCHIO MARCONI	44.42294	11.26919
S01809	PONTECURONE	44.962014	8.929717
S06506	PONTEDERA CASCIANA TERME	43.662145	10.628773
S05711	PONTELAGOSCURO	44.873216	11.612526
S01097	PONTELAMBRO - CASTELMARTE	45.830626	9.226025
S09504	PONTELANDOLFO	41.29578	14.712051
S09027	PONTELATONE	-9.019376	4.511247
S02843	PONTELONGO FERMATA	45.248687	12.026611
S05005	PONTENURE	45.001687	9.792103
S04710	PONTETTO	44.377309	9.07696
S00871	PONTI	44.629979	8.365262
S06913	PONTICINO	43.481446	11.71657
S01526	PONTIDA	45.730084	9.511632
S06163	PONTREMOLI	44.371976	9.887795
S00247	PONZANA	45.402685	8.522689
S06200	PONZANO MAGRA	44.136227	9.934115
S06612	POPOLANO DI MARRADI	44.102323	11.649045
S07703	POPOLI VITTORITO	42.172354	13.826152
S06074	POPPI	-9.019376	4.511247
S06773	POPULONIA	42.996412	10.540659
S06406	PORCARI	43.831263	10.619212
S02701	PORDENONE	45.956281	12.654126
S06073	PORRENA	-9.019376	4.511247
S05110	PORRETTA  TERME	44.155757	10.978039
S02833	PORTA OVEST	45.467874	12.212951
S00344	PORTACOMARO	44.957169	8.224345
S01761	PORTICHETTO - LUISAGO	45.759328	9.050304
S09802	PORTICI-ERCOLANO	40.809907	14.335809
S12248	PORTIERE STELLA	37.450341	14.890175
S01200	PORTO CERESIO	45.903675	8.900357
S07514	PORTO D'ASCOLI	42.912792	13.896813
S07822	PORTO DI VASTO	42.167774	14.698057
S12214	PORTO EMPEDOCLE	37.291539	13.537862
S12228	PORTO EMPEDOCLE SUCCURSALE	37.287235	13.537603
S07504	PORTO RECANATI	43.433726	13.661464
S07507	PORTO S.ELPIDIO	43.256855	13.760749
S07508	PORTO S.GIORGIO FERMO	43.17972	13.7975
S12802	PORTO TORRES	40.833045	8.39642
S12803	PORTO TORRES MARITTIMA	40.837914	8.397301
S01116	PORTO VALTRAVAGLIA	45.958219	8.674141
S01124	PORTO VARALLO POMBIA	45.677697	8.638383
S03200	PORTOGRUARO CAORLE	45.781438	12.832375
S05802	PORTOMAGGIORE	44.696699	11.799785
S11220	POSSIDENTE	40.781144	15.777104
S02601	POSTIOMA	45.715862	12.148248
S02053	POSTO COMUNICAZIONE DOLCE`	45.601513	10.850588
S05051	POSTO MOV. MIRANDOLA OZZANO	44.459977	11.464168
S05008	POSTO MOVIMENTO ALSENO	44.892903	9.990996
S05315	POSTO MOVIMENTO BOLOGNINA	44.765134	11.14448
S11022	POSTO MOVIMENTO RIPALTA	41.895706	15.27507
S11420	POTENZA CENTRALE	40.629469	15.806808
S11215	POTENZA MACCHIA ROMANA	40.651929	15.802589
S07505	POTENZA PICENA MONTELUPONE	43.36991	13.59265
S13135	POTENZA S.MARIA	0.0	4.511256
S11217	POTENZA SUPERIORE	40.64586	15.800966
S11001	POTENZA UNIVERSITA'	40.643264	15.811829
S02505	POVE DEL GRAPPA CAMPESE	45.803248	11.719936
S02301	POVO-MESIANO	46.06569	11.142629
S12420	POZZALLO	36.733821	14.848708
S04330	POZZOLO FORMIGARO	44.797395	8.782521
S09101	POZZUOLI SOLFATARA	40.827586	14.126163
S01722	POZZUOLO MARTESANA	45.510567	9.459096
S05113	PRACCHIA	44.05479	10.90691
S11725	PRAJA AJETA TORTORA	39.900832	15.780628
S02768	PRAMAGGIORE	45.774579	12.718413
S04101	PRASCO CREMOLINO	44.648906	8.55001
S01417	PRATA CAMPORTACCIO	46.30765	9.396807
S09513	PRATA PRATOLA	40.988509	14.842666
S06423	PRATIGNONE	43.849273	11.162008
S05985	PRATISSOLO	0.0	4.511256
S06426	PRATO BORGONUOVO	43.893216	11.076222
S06416	PRATO CENTRALE	43.878737	11.109252
S06422	PRATO PORTA AL SERRAGLIO	43.884637	11.097385
S00108	PRATO SESIA	45.646472	8.370476
S05947	PRATOFONTANA	0.0	4.511256
S07700	PRATOLA PELIGNA	42.102423	13.876349
S07601	PRATOLA PELIGNA SUPERIORE	42.080415	13.87223
S06072	PRATOVECCHIO	-9.019376	4.511247
S00130	PRE'-SAINT-DIDIER	45.7636	6.99105
S04003	PREDOSA	44.750978	8.651132
S02715	PREGANZIOL	45.60367	12.23138
S01058	PREGNANA MILANESE	45.511868	9.003943
S01009	PREMOSELLO CHIOVENDA	46.002188	8.326649
S13159	PRESICCE-ACQUARICA	0.0	4.511256
S07958	PRETOLA	43.103356	12.428576
S08536	PREZZA	42.053699	13.834497
S02319	PRIMOLANO	45.965315	11.700899
S00923	PRIOLA	44.248694	8.023429
S12347	PRIOLO MELILLI	37.157951	15.197038
S12393	PRIOLO SOPRANO	37.092142	14.377888
S08604	PRIVERNO FOSSANOVA	41.421853	13.186406
S01787	PROVAGLIO - TIMOLINE	45.635062	10.035416
S06085	PUGLIA-CECILIANO	-9.019376	4.511247
S13103	PUTIGNANO	0.0	4.511256
S13124	PUTIGNANO IN MONTE LAURETO	0.0	4.511256
S13102	PUTIGNANO S.PIETRO PITURNO	0.0	4.511256
S07996	QUADRI-BORELLO	-9.019376	4.511247
S00102	QUARONA	45.763547	8.266603
S05170	QUARTESANA	-9.019376	4.511247
S02670	QUARTO D'ALTINO	45.574576	12.365032
S09111	QUARTO DI MARANO	40.871086	14.122801
S08005	QUATTRO VENTI	41.880145	12.459731
S05268	QUATTRO VILLE	44.691501	10.911916
S06728	QUERCIANELLA-SONNINO	43.454922	10.37255
S02565	QUERO VAS	45.939306	11.920189
S04527	QUILIANO-VADO LIGURE	44.279933	8.435562
S00150	QUINCINETTO	45.567295	7.809711
S05156	QUISTELLO	-9.019376	4.511247
S13178	RACALE-ALLISTE	0.0	4.511256
S12373	RACALMUTO	37.406065	13.72752
S00602	RACCONIGI	44.771179	7.685681
S12241	RADDUSA AGIRA	37.544858	14.518863
S12414	RAGUSA	36.91927	14.725677
S12416	RAGUSA IBLA	36.93133	14.750993
S07600	RAIANO	42.097931	13.80908
S07956	RAMAZZANO	43.156548	12.456149
S07945	RANCHI	43.342122	12.269293
S12365	RANDAZZO	37.873782	14.950406
S04720	RAPALLO	44.351398	9.231282
S06850	RAPOLANO TERME	43.283331	11.602504
S09621	RAPONE RUVO S.FELE	40.88802	15.47373
S06078	RASSINA	-9.019376	4.511247
S05138	RASTIGNANO	44.443592	11.357617
S05811	RAVENNA	44.419155	12.208404
S09302	RECALE	41.06235	14.30323
S04714	RECCO	44.361215	9.146788
S03308	REDIPUGLIA	45.853476	13.486016
S05934	REGGIO ALL'ANGELO	0.0	4.511256
S11866	REGGIO CALABRIA AEROPORTO	38.073039	15.642301
S11782	REGGIO CALABRIA MARITTIMA	38.121947	15.647886
S11973	REGGIO DI CALABRIA ARCHI	38.150764	15.658819
S11969	REGGIO DI CALABRIA BOCALE	38.004441	15.639056
S11776	REGGIO DI CALABRIA CATONA	38.185806	15.641205
S11781	REGGIO DI CALABRIA CENTRALE	38.103884	15.635844
S11777	REGGIO DI CALABRIA GALLICO	38.165235	15.650716
S11780	REGGIO DI CALABRIA LIDO	38.117668	15.649171
S11970	REGGIO DI CALABRIA OMECA	38.083117	15.634231
S11867	REGGIO DI CALABRIA PELLARO	38.02561	15.650064
S11974	REGGIO DI CALABRIA PENTIMELE	38.136008	15.653416
S11975	REGGIO DI CALABRIA S.CATERINA	38.127056	15.652599
S11868	REGGIO DI CALABRIA S.GREGORIO	38.061274	15.652053
S05023	REGGIO EMILIA	44.697793	10.643093
S17251	REGGIO EMILIA (FER)	0.0	4.511256
S05254	REGGIO EMILIA AV MEDIOPADANA	44.779886	10.744171
S05195	REGGIO MEDIOPADANA	0.0	4.511256
S05988	REGGIO OSPIZIO	44.690804	10.653281
S05949	REGGIO S.CROCE	44.702294	10.636833
S05192	REGGIO S.LAZZARO	44.69761	10.655718
S05935	REGGIO S.STEFANO	0.0	4.511256
S05191	REGGIO STADIO	0.0	4.511256
S05936	REGGIO VIA FANTI TRIBUNALE	0.0	4.511256
S01410	REGOLEDO	46.030574	9.292106
S03059	REMANZACCO	46.059619	13.3199
S01845	REMEDELLO SOPRA	45.27848	10.379211
S01846	REMEDELLO SOTTO	45.257477	10.388402
S01489	RENATE-VEDUGGIO	45.728304	9.279834
S02508	RESANA	45.634081	11.964251
S01135	RESCALDINA	45.62219	8.946638
S05305	REVERE	45.049863	11.130884
S05306	REVERE SCALO	45.040431	11.129847
S09762	REVIGLIONE DI SOMMA VESUVIANA	40.872234	14.482833
S01037	RHO	45.523813	9.043563
S01039	RHO FIERA	45.521258	9.088039
S11845	RIACE	38.389178	16.528152
S05969	RIALE	0.0	4.511256
S09204	RIARDO-PIETRAMELARA	41.265177	14.124949
S11761	RICADI-CAPO VATICANO	38.630676	15.839848
S07101	RICCIONE	43.999218	12.658549
S08815	RIDOTTI-COLLEPIANO	41.789984	13.577876
S07405	RIETI	42.405918	12.862596
S11028	RIGNANO GARGANICO	41.579344	15.490229
S06906	RIGNANO SULL'ARNO REGGELLO	43.720834	11.452383
S06401	RIGOLI	43.789681	10.419663
S06851	RIGOMAGNO	43.256767	11.706492
S04208	RIGOROSO	44.670577	8.896487
S05071	RIMINI	44.064176	12.574093
S07100	RIMINI MIRAMARE	44.030388	12.618105
S05819	RIMINI TORRE PEDRERA	44.106987	12.508755
S05820	RIMINI VISERBA	44.088407	12.533785
S05057	RIMINIFIERA	44.070682	12.527019
S02102	RIO DI PUSTERIA	46.79712	11.670028
S04004	RIO SECCO	44.722275	8.658805
S08517	RIOFREDDO	42.060704	13.021419
S05108	RIOLA	44.229851	11.053592
S04736	RIOMAGGIORE	44.105203	9.729105
S11209	RIONERO ATELLA RIPACANDIDA	40.922066	15.678699
S09463	RIPABOTTONI S.ELIA	41.669666	14.844353
S06402	RIPAFRATTA	43.821711	10.415733
S06750	RIPARBELLA	43.339461	10.582184
S03120	RISANO	45.97487	13.26181
S04726	RIVA TRIGOSO	44.26391	9.429277
S04331	RIVALTA SCRIVIA	44.854158	8.809846
S00884	RIVAROLO	45.326257	7.727979
S08905	RIVISONDOLI-PESCOCOSTANZO	41.877292	14.079308
S00272	ROBBIO	45.293542	8.597051
S01904	ROBECCO-PONTEVICO	45.266224	10.078593
S00615	ROBILANTE	44.296496	7.510906
S09200	ROCCA D'EVANDRO-S.VITTORE	41.438861	13.911338
S07410	ROCCA DI CORNO	42.388164	13.143939
S07409	ROCCA DI FONDI	42.39799	13.095825
S11804	ROCCA IMPERIALE	40.100043	16.615742
S09058	ROCCA RAVINDOLA	41.521035	14.122965
S11828	ROCCABERNARDA	38.942165	16.900439
S00740	ROCCACIGLIE`	44.425831	7.95274
S00905	ROCCADEBALDI	44.410446	7.780449
S04006	ROCCAGRIMALDA	44.675247	8.656154
S12312	ROCCALUMERA MANDANICI	37.972946	15.391411
S06159	ROCCAMURATA	44.532756	9.876175
S12204	ROCCAPALUMBA-ALIA	37.793751	13.673628
S08906	ROCCARASO	41.850833	14.079292
S08668	ROCCASECCA	41.526377	13.645814
S06823	ROCCASTRADA	42.957631	11.192942
S00614	ROCCAVIONE	44.314445	7.485361
S08814	ROCCAVIVI	41.817996	13.544594
S12032	ROCCELLA	38.092365	13.420348
S11847	ROCCELLA JONICA	38.322043	16.406917
S00878	ROCCHETTA CAIRO	44.427477	8.295356
S11205	ROCCHETTA S.ANTONIO-LACEDONIA	41.1518	15.53295
S00466	ROCCHETTA TANARO-CERRO	44.875574	8.351402
S00159	RODALLO	45.278714	7.878025
S01423	ROGOLO	46.138696	9.486985
S02346	ROLO NOVI FABBRICO	44.886561	10.867882
S08025	ROMA AURELIA	41.88344	12.395271
S08327	ROMA BALDUINA	41.918798	12.436548
S08674	ROMA CASILINA	41.87669	12.537297
S08322	ROMA MONTE MARIO	41.939088	12.421732
S08236	ROMA NOMENTANA LL	41.932935	12.523628
S08232	ROMA NOMENTANA LM	41.933649	12.523147
S08406	ROMA OSTIENSE	41.87265	12.483917
S08500	ROMA PRENESTINA	41.897571	12.545803
S08325	ROMA S.FILIPPO NERI	41.950262	12.412414
S08218	ROMA S.LORENZO	41.893476	12.522057
S08323	ROMA S.PIETRO	41.896143	12.454497
S08409	ROMA TERMINI	41.900636	12.502026
S08217	ROMA TIBURTINA	41.910903	12.530749
S08405	ROMA TRASTEVERE	41.872279	12.466162
S08408	ROMA TUSCOLANA	41.879384	12.523505
S00109	ROMAGNANO SESIA	45.629888	8.384581
S09829	ROMAGNANO-VIETRI-SALVITELLE	40.610041	15.447651
S01711	ROMANO	45.523839	9.753402
S02337	ROMANORE	45.063834	10.750997
S12049	ROMETTA MESSINESE	38.228455	15.405894
S05303	RONCANOVA DI GAZZO VER.	45.142207	11.097995
S02312	RONCEGNO BAGNI-MARTER	46.03618	11.398818
S03309	RONCHI DEI LEGIONARI NORD	45.830285	13.505962
S03212	RONCHI DEI LEGIONARI SUD	45.818285	13.501207
S08109	RONCIGLIONE	42.282499	12.219437
S04211	RONCO SCRIVIA	44.614537	8.949421
S06606	RONTA	44.009432	11.434125
S02521	ROSA'	45.72054	11.775799
S11765	ROSARNO	38.488593	15.970149
S11806	ROSETO CAPO SPULICO	39.972412	16.620275
S07804	ROSETO DEGLI ABRUZZI	42.677852	14.01535
S06730	ROSIGNANO	43.387899	10.438041
S05424	ROSOLINA	45.075548	12.239663
S12422	ROSOLINI	36.81598	14.952955
S11813	ROSSANO	39.603005	16.640859
S02522	ROSSANO VENETO	45.702039	11.784812
S04104	ROSSIGLIONE	44.566955	8.668051
S00215	ROSTA	45.078397	7.463963
S09016	ROTONDI PAOLISI	-9.019376	4.511247
S01950	ROTTOFRENO	45.060546	9.549127
S00053	ROVASENDA	45.537291	8.317376
S00056	ROVASENDA ALTA	45.537368	8.316722
S01714	ROVATO	45.55193	10.000924
S01791	ROVATO CENTRO	45.56563	10.006037
S01792	ROVATO FN	45.552436	10.001779
S01756	ROVELLASCA - MANERA	45.665725	9.038371
S01755	ROVELLO PORRO	45.651504	9.036244
S02333	ROVERBELLA	45.252645	10.796795
S02044	ROVERETO	45.890985	11.033518
S05173	ROVERETO-S.VITO-MEDELANA	-9.019376	4.511247
S08515	ROVIANO	42.026476	12.991119
S09771	ROVIGLIANO	40.733611	14.47187
S05706	ROVIGO	45.076993	11.780892
S05031	RUBIERA	44.65618	10.780252
S12895	RUDALZA	40.994082	9.531214
S06703	RUFINA	43.822236	11.485072
S05903	RUSSI	44.379011	12.03164
S13120	RUTIGLIANO	0.0	4.511256
S11707	RUTINO	40.29259	15.104561
S09056	S.AGAPITO LONGANO	41.561845	14.219013
S12027	S.AGATA DI MILITELLO	38.073554	14.640622
S05954	S.AGATA SUL SANTERNO	44.436774	11.858855
S12315	S.ALESSIO SICULO-FORZA D'AGRO'	37.923992	15.347322
S00213	S.AMBROGIO	45.101161	7.360933
S11840	S.ANDREA DELLO JONIO	38.620097	16.553449
S09615	S.ANGELO DEI LOMBARDI	40.890372	15.161478
S09030	S.ANGELO IN FORMIS	-9.019376	4.511247
S05411	S.ANNA DI CHIOGGIA	45.145695	12.266953
S00434	S.ANNA ROBELLA	45.074464	8.08568
S09007	S.ANTIMO-S.ARPINO	40.949188	14.247415
S00236	S.ANTONINO DI SALUGGIA	45.253967	8.039728
S00211	S.ANTONINO VAIE	45.109469	7.275931
S02334	S.ANTONIO MANTOVANO	45.187447	10.785806
S07954	S.BARTOLOMEO-RESINA	43.184622	12.420822
S07513	S.BENEDETTO DEL TRONTO	42.954386	13.882297
S05155	S.BENEDETTO PO	-9.019376	4.511247
S05134	S.BENEDETTO SAMBRO-CASTIGLIONE PEPOLI	44.22866	11.19226
S00881	S.BENIGNO	45.219014	7.782163
S00609	S.BENIGNO DI CUNEO	44.461002	7.572712
S05939	S.BERNARDINO	0.0	4.511256
S05805	S.BIAGIO	44.594511	11.87054
S02761	S.BIAGIO DI CALLALTA	45.686134	12.374316
S02440	S.BONIFACIO	45.40276	11.27406
S02114	S.CANDIDO	46.732728	12.271917
S06615	S.CASSIANO	44.143684	11.687503
S01401	S.CASSIANO VALCHIAVENNA	46.275438	9.397419
S12382	S.CATALDO	37.469615	13.997659
S11842	S.CATERINA DELLO JONIO	38.530452	16.571093
S11653	S.CESARIO DI LECCE	40.318978	18.162074
S07312	S.CLAUDIO	43.287357	13.532751
S01866	S.CRISTINA E BISSONE	45.160533	9.401006
S02306	S.CRISTOFORO AL LAGO-ISCHIA	46.039743	11.23375
S02735	S.CROCE DEL LAGO	46.094795	12.324068
S09502	S.CROCE DEL SANNIO	41.37114	14.705455
S00461	S.DAMIANO D'ASTI	44.878914	8.125956
S07418	S.DEMETRIO DE' VESTINI	42.294447	13.536543
S11786	S.DOMENICA	38.663764	15.859822
S02666	S.DONA' DI PIAVE-JESOLO	45.63983	12.559791
S13164	S.DONATO DI LECCE	0.0	4.511256
S01624	S.DONATO MILANESE	45.417982	9.254
S06514	S.DONNINO BADIA	43.785424	11.142169
S05704	S.ELENA-ESTE	45.199209	11.712883
S06905	S.ELLERO	43.742143	11.469621
S06616	S.EUFEMIA DI BRISIGHELLA	44.170785	11.690069
S08739	S.EUROSIA	41.675927	12.755105
S07989	S.EUSANIO DEL SANGRO	-9.019376	4.511247
S09019	S.FELICE A CANCELLO	40.999779	14.466955
S05313	S.FELICE SUL PANARO	44.834527	11.140243
S07557	S.FILIPPO	42.849787	13.599949
S12044	S.FILIPPO-S.LUCIA	38.198143	15.288334
S12009	S.FLAVIA-SOLUNTO-PORTICELLO	38.0826	13.530625
S06504	S.FREDIANO A SETTIMO	43.680508	10.517254
S12882	S.GAVINO	39.546206	8.788017
S08737	S.GENNARO	41.67459	12.724302
S00243	S.GERMANO VERCELLESE	45.353603	8.249958
S04005	S.GIACOMO	44.687745	8.663185
S05938	S.GIACOMO (FER)	0.0	4.511256
S07220	S.GIACOMO DI SPOLETO	42.79015	12.755445
S01436	S.GIACOMO DI TEGLIO	46.159722	10.027405
S12034	S.GIORGIO	38.173967	14.94414
S00336	S.GIORGIO CASALE	45.101495	8.412858
S02526	S.GIORGIO DELLE PERTICHE	45.542538	11.917455
S03205	S.GIORGIO DI NOGARO	45.82917	13.210315
S05723	S.GIORGIO DI PIANO	44.646641	11.37901
S12805	S.GIORGIO DI SASSARI	40.754903	8.516505
S05941	S.GIOVANNI (FER)	0.0	4.511256
S03031	S.GIOVANNI AL NATISONE	45.976122	13.397437
S03199	S.GIOVANNI DI CASARSA	45.943448	12.837255
S06816	S.GIOVANNI D`ASSO	43.153292	11.593803
S01849	S.GIOVANNI IN CROCE	45.075783	10.377527
S05319	S.GIOVANNI IN PERSICETO	44.643151	11.189444
S06909	S.GIOVANNI VALDARNO	43.56601	11.527033
S01943	S.GIULETTA	45.035719	9.179239
S06065	S.GIULIANO D'AREZZO	-9.019376	4.511247
S09476	S.GIULIANO DEL SANNIO	41.444922	14.647049
S01821	S.GIULIANO MILANESE	45.391226	9.286418
S01961	S.GIULIANO PIACENTINO	45.070627	9.985919
S01941	S.GIULIANO PIEMONTE	44.890543	8.760933
S06400	S.GIULIANO TERME	43.764895	10.436892
S04805	S.GIUSEPPE DI CAIRO	44.370096	8.28864
S09752	S.GIUSEPPE VESUVIANO	40.834058	14.502954
S02562	S.GIUSTINA-CESIO	46.077655	12.04294
S07935	S.GIUSTINO	43.533355	12.19299
S05021	S.ILARIO D'ENZA	44.765795	10.450469
S09029	S.IORIO	-9.019376	4.511247
S05049	S.LAZZARO DI SAVENA	44.48097	11.416652
S07235	S.LIBERATO	42.478853	12.443006
S02016	S.LORENZO	46.781382	11.90368
S09308	S.LORENZO MAGGIORE	41.219748	14.648419
S11740	S.LUCIDO MARINA	39.313203	16.045546
S09005	S.MARCELLINO FRIGNANO	40.992103	14.171976
S09022	S.MARCO	-9.019376	4.511247
S12028	S.MARCO D'ALUNZIO-TORRENOVA	38.094202	14.675909
S11904	S.MARCO ROGGIANO	39.605223	16.208776
S06950	S.MARCO VECCHIO	43.790336	11.267403
S04718	S.MARGHERITA LIGURE PORTOFINO	44.33676	9.216673
S09018	S.MARIA A VICO	-9.019376	4.511247
S09209	S.MARIA CAPUA VETERE	41.07353	14.254081
S09474	S.MARIA COLLE DI SERRA	41.31744	14.719269
S08738	S.MARIA DELLE MOLE	41.774417	12.606225
S09804	S.MARIA LA BRUNA	40.755435	14.407647
S03121	S.MARIA LA LONGA	45.933068	13.287755
S09059	S.MARIA OLIVETO	41.507208	14.096049
S08015	S.MARINELLA	42.035892	11.863122
S02501	S.MARINO	45.897699	11.692241
S08307	S.MARTINO AL CIMINO	42.382043	12.108104
S02435	S.MARTINO BUONALBERGO	45.421559	11.089155
S01804	S.MARTINO CAVA	45.144867	9.115332
S02536	S.MARTINO DI LUPARI	45.655928	11.857227
S07965	S.MARTINO IN CAMPO	43.03254	12.387806
S06613	S.MARTINO IN GATTARA	44.113211	11.667077
S09468	S.MARTINO IN PENSILIS	41.877211	14.984218
S09014	S.MARTINO VALLE CAUDINA	-9.019376	4.511247
S11690	S.MATTEO	41.697502	15.476098
S00089	S.MAURIZIO CANAVESE	-9.019376	4.511247
S09477	S.MICHELE	41.582565	14.6733
S09523	S.MICHELE DI SERINO	40.874511	14.853445
S01924	S.MICHELE IN BOSCO	45.122404	10.57329
S06509	S.MINIATO FUCECCHIO	43.701383	10.831605
S05118	S.MOMME'	44.027999	10.914798
S02503	S.NAZARIO	45.838117	11.691321
S11726	S.NICOLA ARCELLA	39.850764	15.793165
S12111	S.NICOLA DI MAZARA	37.619257	12.675823
S11300	S.NICOLA DI MELFI	41.073281	15.677602
S12012	S.NICOLA TONNARA	38.015817	13.612755
S01951	S.NICOLO	45.058843	9.606443
S12387	S.OLIVA	37.15773	13.901587
S12423	S.PAOLO	36.840355	15.023799
S13129	S.PAOLO (FSC)	0.0	4.511256
S00463	S.PAOLO SOLBRITO	44.951753	7.975779
S05953	S.PATRIZIO	44.490241	11.825931
S06603	S.PIERO A SIEVE	43.958317	11.322742
S11750	S.PIETRO A MAIDA-MAIDA	38.867817	16.276306
S06313	S.PIETRO A VICO	43.875094	10.530945
S08912	S.PIETRO AVELLANA-CAPRACOTTA	41.76978	14.19995
S01428	S.PIETRO BERBENNO	46.161347	9.740491
S05722	S.PIETRO IN CASALE	44.697928	11.404763
S02531	S.PIETRO IN GU'	45.605039	11.673157
S11141	S.PIETRO VERNOTICO	40.48902	18.000716
S05923	S.POLO D'ENZA	0.0	4.511256
S05157	S.ROCCO MANTOVANO	-9.019376	4.511247
S06508	S.ROMANO-MONTOPOLI-S.CROCE	43.690575	10.760152
S00420	S.SEBASTIANO PO	45.167102	7.953781
S08016	S.SEVERA	42.020645	11.969077
S07303	S.SEVERINO MARCHE	43.22996	13.183491
S11025	S.SEVERO	41.684512	15.392567
S00173	S.SILVESTRO	45.19366	8.148095
S00831	S.STEFANO BELBO	44.71714	8.241233
S12024	S.STEFANO DI CAMASTRA-MISTRETTA	38.01778	14.35104
S06170	S.STEFANO DI MAGRA	44.156857	9.915202
S01829	S.STEFANO LODIGIANO	45.122091	9.723606
S03124	S.STEFANO UDINESE	45.953683	13.274971
S02664	S.STINO DI LIVENZA	45.721088	12.682769
S12314	S.TERESA DI RIVA	37.946295	15.367682
S12428	S.TERESA LONGARINI	37.006456	15.246277
S05943	S.TOMASO	0.0	4.511256
S09630	S.TOMMASO DEL PIANO	40.900403	15.503719
S02713	S.TROVASO	45.627623	12.233886
S06030	S.VINCENZO	43.100366	10.539823
S08855	S.VINCENZO VALLE ROVETO	41.832988	13.526148
S02660	S.VITO AL TAGLIAMENTO	45.912433	12.851594
S11135	S.VITO DEI NORMANNI	40.650352	17.818585
S07817	S.VITO LANCIANO	42.307401	14.448093
S00822	S.VITTORIA	44.69561	7.916909
S01900	S.ZENO FOLZANO	45.491552	10.211683
S01823	S.ZENONE AL LAMBRO	45.337824	9.36126
S01754	SACCONAGO	45.596224	8.823127
S02703	SACILE	45.948413	12.498498
S03089	SACILE S.LIBERALE	45.959155	12.514778
S03307	SAGRADO	45.872629	13.484004
S00161	SAINT-PIERRE	45.708146	7.229338
S00408	SAIRANO	45.138858	9.046868
S00400	SAIRANO ZINASCO	45.133795	9.030153
S01461	SALA AL BARRO-GALBIATE	45.821086	9.359223
S09906	SALA CONSILINA	40.405144	15.576057
S11457	SALANDRA-GROTTOLE	40.583446	16.351564
S00886	SALASSA	45.351402	7.678572
S00205	SALBERTRAND	45.073478	6.887428
S00743	SALE LANGHE	44.392425	8.077468
S01784	SALE MARASINO	45.712824	10.111731
S12114	SALEMI GIBELLINA	37.806619	12.865517
S09818	SALERNO	40.675137	14.772822
S09799	SALERNO IRNO	40.684252	14.777397
S02394	SALETTO	45.22274	11.535093
S00744	SALICETO	44.404437	8.172887
S11864	SALINE DI REGGIO	37.938677	15.710664
S08502	SALONE	41.915253	12.636215
S02034	SALORNO	46.245842	11.202681
S05090	SALSOMAGGIORE TERME	44.81866	9.988129
S00235	SALUGGIA	45.23443	8.017112
S00074	SALUSSOLA	45.44438	8.115195
S00547	SALUZZO	44.64311	7.498595
S13160	SALVE-RUGGIANO	0.0	4.511256
S09600	SALZA IRPINA	40.922251	14.881761
S02511	SALZANO ROBEGANO	45.535378	12.111485
S12885	SAMASSI SERRENTI	39.483075	8.899035
S13100	SAMMICHELE	0.0	4.511256
S05039	SAMOGGIA	44.567307	11.146221
S01402	SAMOLACO	46.246436	9.423582
S12419	SAMPIERI	36.73188	14.744577
S07976	SAN FAUSTINO-CASIGLIANO	42.723608	12.480839
S12804	SAN GIOVANNI	40.762523	8.499282
S12252	SAN MARTINO PIANA	37.455701	14.996912
S11700	SAN NICOLA VARCO DI EBOLI	40.561479	14.998375
S12059	SAN PAOLO	38.070112	15.486929
S09052	SAN POLO MATESE	41.476307	14.512501
S13185	SANARICA	0.0	4.511256
S00072	SANDIGLIANO	45.519652	8.081531
S00731	SANFRE`	44.74799	7.796793
S07981	SANGEMINI	42.622864	12.536177
S01140	SANGIANO	45.874464	8.630769
S11733	SANGINETO	39.592487	15.863973
S02384	SANGUINETTO	45.188811	11.152467
S12883	SANLURI STATO	39.526147	8.850221
S00403	SANNAZZARO	45.10554	8.905149
S11503	SANNICANDRO DI BARI	40.958821	16.753771
S13170	SANNICOLA	0.0	4.511256
S04505	SANREMO	43.821269	7.766693
S07942	SANSECONDO	43.378784	12.246577
S07932	SANSEPOLCRO	43.561698	12.144964
S06023	SANTA LUCE	43.437248	10.48971
S06079	SANTA MAMA	-9.019376	4.511247
S11957	SANTA MARIA DI CATANZARO	38.864988	16.605785
S05069	SANTARCANGELO DI ROMAGNA	44.070316	12.45454
S08521	SANTE MARIE	42.096993	13.21696
S11310	SANTERAMO	40.8026	16.76403
S00240	SANTHIA'	45.363726	8.180093
S08817	SANTOPADRE	41.626774	13.593151
S04802	SANTUARIO	44.34607	8.435756
S11201	SANTUARIO INCORONATA	41.370726	15.605748
S12897	SANT`ANNA	39.810758	8.641451
S12806	SANT`ORSOLA	40.747117	8.532229
S09629	SANZANO OCCHINO	40.8869	15.27783
S11721	SAPRI	40.078013	15.627204
S01949	SARMATO	45.063043	9.491116
S09702	SARNO	40.813063	14.612442
S01933	SARONNO	45.625309	9.030839
S01077	SARONNO SUD	45.612266	9.045299
S00136	SARRE	45.717919	7.258468
S00038	SARTIRANA	45.111728	8.67012
S06007	SARZANA	44.108865	9.960657
S07413	SASSA TORNIMPARTE	42.360549	13.295333
S09907	SASSANO TEGGIANO	40.368687	15.604818
S12807	SASSARI	40.729506	8.554157
S12980	SASSARI S.MARIA	40.747438	8.53034
S09475	SASSINORO	41.399457	14.66703
S05104	SASSO MARCONI	44.394939	11.254333
S07063	SASSOFERRATO ARCEVIA	43.435381	12.851514
S08712	SASSONE	41.783777	12.625832
S05181	SASSUOLO QUATTROPONTI	0.0	4.511256
S05194	SASSUOLO RADICI	0.0	4.511256
S05180	SASSUOLO TERMINAL	0.0	4.511256
S13109	SAVA	0.0	4.511256
S00604	SAVIGLIANO	44.651337	7.663748
S05977	SAVIGNANO CENTRO	0.0	4.511256
S09318	SAVIGNANO GRECI	41.230587	15.167109
S05976	SAVIGNANO MULINO	0.0	4.511256
S05068	SAVIGNANO SUL RUBICONE	44.095191	12.40421
S04801	SAVONA	44.306892	8.470259
S04800	SAVONA MARITTIMA	44.308777	8.488243
S07707	SCAFA S.VALENTINO-CARAMANICO TERME	42.26717	13.99909
S09811	SCAFATI	40.746028	14.523253
S12814	SCALA DI GIOCCA	40.698881	8.59695
S11727	SCALEA S.DOMENICA TALAO	39.8083	15.80139
S00540	SCALENGHE	44.89018	7.490745
S12309	SCALETTA ZANCLEA	38.04635	15.465376
S05984	SCANDIANO	0.0	4.511256
S07216	SCANZANO BELFIORE	42.983918	12.737692
S11801	SCANZANO JONICO-MONTALBANO JONICO	40.25362	16.705192
S06035	SCARLINO	42.942002	10.836798
S07805	SCERNE DI PINETO	42.642427	14.041324
S02140	SCHIO	45.710848	11.355508
S05158	SCHIVENOGLIA	44.982551	11.086614
S12201	SCIARA A.	37.903207	13.774128
S12418	SCICLI	36.789939	14.698759
S11772	SCILLA	38.251202	15.710886
S06705	SCOPETI	43.841117	11.497001
S06164	SCORCETOLI	44.34431	9.911853
S12278	SCORDIA	37.294595	14.851219
S08524	SCURCOLA MARSICANA	42.053136	13.344374
S13153	SECLI'-NEVIANO-ARADEO	0.0	4.511256
S01826	SECUGNAGO	45.223253	9.58684
S02560	SEDICO BRIBANO	46.095424	12.086508
S12072	SEGESTA	37.918416	12.932362
S12152	SEGESTA TEMPIO	37.949585	12.828118
S01715	SEGRATE	45.480702	9.298873
S07936	SELCI LAMA	43.506039	12.203918
S07411	SELLA DI CORNO	42.360461	13.189876
S01770	SELLERO	46.05349	10.348882
S11831	SELLIA MARINA	38.903666	16.764788
S06155	SELVA DEL BOCCHETTO	44.62487	10.006253
S02210	SENALES	46.646719	10.972928
S07108	SENIGALLIA	43.716277	13.221652
S09501	SEPINO	41.413946	14.657456
S01318	SEREGNO	45.64601	9.20285
S08505	SERENISSIMA	41.914168	12.622964
S01533	SERIATE	45.683145	9.724628
S09515	SERINO	40.858838	14.860182
S05161	SERMIDE	-9.019376	4.511247
S07205	SERRA S.QUIRICO	43.444879	13.027408
S12383	SERRADIFALCO	37.431804	13.883299
S00338	SERRALUNGA CERESETO	45.100914	8.30742
S12886	SERRAMANNA NURAMINIS	39.426123	8.916579
S02048	SERRAVALLE ALL'ADIGE	45.808184	11.014942
S00431	SERRAVALLE D'ASTI	44.948019	8.14808
S06413	SERRAVALLE PISTOIESE	43.908016	10.85168
S04206	SERRAVALLE SCRIVIA	44.72393	8.858548
S06857	SERRE DI RAPOLANO	43.284347	11.558209
S09000	SESSA AURUNCA-ROCCAMONFINA	41.1955	13.8761
S08917	SESSANO DEL MOLISE	41.639587	14.32853
S01026	SESTO CALENDE	45.726241	8.628135
S09062	SESTO CAMPANO	41.420005	14.088909
S06418	SESTO FIORENTINO	43.833297	11.191941
S01325	SESTO S.GIOVANNI	45.541087	9.23926
S04725	SESTRI LEVANTE	44.27626	9.397651
S08216	SETTEBAGNI	42.006438	12.520156
S02224	SETTEQUERCE	46.508448	11.264785
S00430	SETTIME CINAGLIO MOMBARONE	44.966229	8.128853
S00229	SETTIMO	45.139834	7.769335
S11959	SETTIMO DI RENDE	39.370472	16.171997
S00151	SETTIMO TAVAGNASCO	45.546214	7.825189
S11954	SETTINGIANO	38.903198	16.510832
S03151	SEVEGLIANO	45.887451	13.30468
S01925	SEVESO	45.648187	9.140488
S01929	SEVESO BARUCCANA	45.640402	9.170135
S00862	SEZZADIO	44.800082	8.549772
S08609	SEZZE ROMANO	41.495542	13.038452
S12246	SFERRO	37.502031	14.792131
S08659	SGURGOLA	41.687018	13.146199
S11811	SIBARI	39.749863	16.456922
S09827	SICIGNANO DEGLI ALBURNI	40.605454	15.290904
S11850	SIDERNO	38.2708	16.302
S06903	SIECI	43.790892	11.394608
S06809	SIENA	43.331708	11.322972
S06867	SIENA ZONA INDUSTRIALE	43.26528	11.376652
S06513	SIGNA	43.775441	11.095961
S02205	SILANDRO	46.625613	10.766327
S12954	SILIQUA	39.297005	8.813078
S05109	SILLA	44.177652	10.980635
S00978	SILLAVENGO	45.521303	8.444987
S07807	SILVI	42.55911	14.110365
S11832	SIMERI CRICHI	38.883068	16.716122
S06852	SINALUNGA	43.216189	11.744866
S08300	SIPICCIANO	42.546495	12.254318
S08302	SIPICCIANO S.NICOLA	42.54504	12.234486
S11056	SIPONTO	41.61296	15.895572
S12349	SIRACUSA	37.068906	15.280896
S12351	SIRACUSA M.	37.057888	15.293258
S03312	SISTIANA-VISOGLIANO	45.774903	13.645832
S00111	SIZZANO	45.573834	8.436024
S02201	SLUDERNO-GLORENZA	46.664329	10.581832
S02732	SOFFRATTA	45.976377	12.299346
S02504	SOLAGNA	45.815434	11.72134
S05900	SOLAROLO	44.356425	11.849183
S12876	SOLARUSSA	39.952525	8.679813
S00469	SOLERO	44.915886	8.51043
S13168	SOLETO	0.0	4.511256
S07953	SOLFAGNANO-PARLESCA	43.202967	12.40954
S02351	SOLIERA MODENESE	44.722667	10.90601
S06156	SOLIGNANO	44.614024	9.98014
S09516	SOLOFRA	40.834504	14.843975
S09307	SOLOPACA	41.210521	14.571413
S01028	SOMMA LOMBARDO	45.686423	8.712991
S00730	SOMMARIVA DEL BOSCO	44.770754	7.777086
S01430	SONDRIO	46.167064	9.872928
S01766	SONICO	46.16322	10.351251
S08857	SORA	41.716618	13.618601
S05966	SORBOLO	0.0	4.511256
S13200	SORBOLO LEVANTE	0.0	4.511256
S01607	SORESINA	45.283083	9.85664
S07434	SORGENTI DEL PESCHIERA	42.36428	12.996973
S04712	SORI	44.369795	9.106006
S09986	SORRENTO	0.0	4.511256
S11837	SOVERATO	38.684339	16.549416
S12054	SPADAFORA	38.219335	15.383588
S12048	SPADAFORA	38.221922	15.377196
S12106	SPAGNUOLA	37.83631	12.477051
S12243	SPARAGOGNA	37.571355	14.632266
S09206	SPARANISE	41.185707	14.092954
S09761	SPARTIMENTO DI SCISCIANO	40.891561	14.468487
S07010	SPELLO	42.9844	12.668884
S11901	SPEZZANO ALBANESE TERME	39.707307	16.287599
S00874	SPIGNO	44.539437	8.317924
S11304	SPINAZZOLA	40.953396	16.087173
S02516	SPINEA	45.491568	12.177168
S07552	SPINETOLI COLLI	42.87032	13.762811
S07022	SPINETOLI VILLA S.PIO X	42.878312	13.794092
S01940	SPINETTA	44.882378	8.683146
S07221	SPOLETO	42.748121	12.736142
S02202	SPONDIGNA-PRATO VENOSTA	46.634571	10.60999
S13187	SPONGANO	0.0	4.511256
S04526	SPOTORNO NOLI	44.226528	8.410932
S02709	SPRESIANO	45.77763	12.266984
S11835	SQUILLACE	38.77705	16.570418
S11142	SQUINZANO	40.439266	18.046097
S00620	ST.DALMAS DE TENDE	44.050339	7.589513
S19919	STABIO	45.862301	8.942028
S05705	STANGHELLA	45.13209	11.749094
S13132	STATTE	0.0	4.511256
S02736	STAZIONE PER L'ALPAGO	46.137574	12.316066
S04303	STAZZANO SERRAVALLE	44.719374	8.865301
S05164	STELLATA FICAROLO	-9.019376	4.511247
S13166	STERNATIA	0.0	4.511256
S01612	STEZZANO	45.659219	9.645288
S06071	STIA	-9.019376	4.511247
S06824	STICCIANO	42.929333	11.118621
S08212	STIMIGLIANO	42.289811	12.568632
S06617	STRADA CASALE	44.183511	11.697496
S01945	STRADELLA	45.079465	9.300865
S00155	STRAMBINO	45.382508	7.887955
S03150	STRASSOLDO	45.856617	13.31836
S01016	STRESA	45.884486	8.531454
S00866	STREVI	44.697771	8.525525
S02315	STRIGNO	46.051003	11.514327
S07400	STRONCONE	42.517955	12.65372
S11822	STRONGOLI	39.228139	17.108256
S12896	SU CANALE	40.838375	9.404226
S06082	SUBBIANO	-9.019376	4.511247
S08539	SULMONA	42.060836	13.907156
S07030	SULMONA S.RUFINA	90.48	46.695
S08900	SULMONA-INTRODACQUA	42.038241	13.92156
S01785	SULZANO	45.689894	10.101027
S00018	SUNO	45.620435	8.519344
S00260	SUSA	45.138622	7.052311
S02708	SUSEGANA	45.821054	12.258364
S02340	SUZZARA	44.994432	10.756138
S05153	SUZZARA V.N.	44.994039	10.781521
S04506	TAGGIA ARMA	43.840764	7.835604
S08522	TAGLIACOZZO	42.070701	13.255664
S05959	TAGLIATA	0.0	4.511256
S01122	TAINO ANGERA	45.772269	8.60599
S01426	TALAMONA	46.13952	9.599528
S08002	TALAMONE	42.56461	11.164524
S12317	TAORMINA-GIARDINI	37.845429	15.282584
S11465	TARANTO	40.483727	17.224059
S13133	TARANTO GALESE	0.0	4.511256
S03022	TARCENTO	46.209134	13.196211
S12353	TARGIA	37.10963	15.245908
S08009	TARQUINIA	42.239463	11.727009
S11903	TARSIA	39.653552	16.24293
S03015	TARVISIO BOSCOVERDE	46.505956	13.608012
S06405	TASSIGNANO-CAPANNORI	43.834131	10.570495
S09605	TAURASI	40.980838	14.965804
S01824	TAVAZZANO	45.32629	9.402748
S13177	TAVIANO	0.0	4.511256
S09205	TEANO	41.231804	14.077075
S02662	TEGLIO VENETO	45.809887	12.858938
S02213	TEL	46.672532	11.080988
S09326	TELESE CERRETO	41.211709	14.526165
S12215	TEMPIO DI VULCANO	37.292839	13.579558
S00619	TENDE	44.084671	7.603654
S07900	TERAMO	42.660551	13.715882
S02223	TERLANO-ANDRIANO	46.528517	11.248394
S05701	TERME EUGANEE-ABANO-MONTEGROTTO	45.32744	11.79604
S12040	TERME VIGLIATORE	38.133588	15.164396
S12014	TERMINI IMERESE	37.980132	13.703631
S11019	TERMOLI	42.000623	14.992805
S01143	TERNATE VARANO BORGHI	45.781835	8.700371
S07226	TERNI	42.570768	12.651091
S07982	TERNI BORGO RIVO	42.584633	12.607122
S07430	TERNI COSPEA	42.549615	12.625075
S01504	TERNO	45.688658	9.536169
S06922	TERONTOLA CORTONA	43.210263	12.007906
S08809	TERRACINA	41.29697	13.244055
S06167	TERRAROSSA - TRESANA	44.237379	9.959675
S12108	TERRENOVE	37.748755	12.480604
S07425	TERRIA	42.436334	12.782816
S09753	TERZIGNO	40.806926	14.503275
S00869	TERZO MONTABONE	44.671932	8.428705
S02318	TEZZE DI GRIGNO	45.990485	11.669726
S02143	THIENE	45.700697	11.475407
S11216	TIERA	40.697817	15.819279
S13191	TIGGIANO	0.0	4.511256
S07426	TIONE DEGLI ABRUZZI	42.204908	13.64205
S01440	TIRANO	46.21539	10.166961
S12813	TISSI USINI	40.689278	8.530258
S09834	TITO	40.607321	15.698194
S08508	TIVOLI	41.961849	12.805047
S07705	TOCCO CASTIGLIONE	42.226619	13.904658
S07974	TODI PONTE NAIA	42.771121	12.39795
S35130	TODI PONTE RIO	42.807441	12.387711
S07304	TOLENTINO	43.214556	13.290501
S07315	TOLENTINO CAMPUS	43.22772	13.32697
S01781	TOLINE	45.787405	10.088254
S07814	TOLLO CANOSA SANNITA	42.394208	14.339984
S06720	TOMBOLO	43.631726	10.352916
S00342	TONCO ALFIANO	45.012659	8.216858
S08501	TOR SAPIENZA	41.907095	12.594489
S08655	TOR VERGATA	41.823224	12.666162
S09202	TORA PRESENZANO	41.358861	14.04514
S11906	TORANO LATTARICO	39.49455	16.210509
S11706	TORCHIARA	40.315916	15.041267
S00088	TORINO AEROPORTO DI CASELLE	-9.019376	4.511247
S00097	TORINO CORSO GROSSETO	0.0	4.511256
S07820	TORINO DI SANGRO PAGLIETA	42.227479	14.552549
S00224	TORINO DORA	45.090085	7.677853
S00452	TORINO LINGOTTO	45.0266	7.657469
S00220	TORINO ORBASSANO FASCIO SUD	45.032898	7.576125
S00193	TORINO ORBASSANO S.LUIGI	45.024056	7.589036
S00219	TORINO PORTA NUOVA	45.060969	7.67747
S00035	TORINO PORTA SUSA	45.075906	7.667673
S00060	TORINO REBAUDENGO FOSSATA	45.102187	7.689867
S00223	TORINO S. PAOLO	45.054519	7.639557
S00450	TORINO SMISTAMENTO NORD	45.042785	7.666626
S00228	TORINO STURA	45.121932	7.713202
S12865	TORRALBA	40.482769	8.781619
S00234	TORRAZZA PIEMONTE	45.211855	7.970255
S09806	TORRE ANNUNZIATA CENTRALE	40.747131	14.463744
S09805	TORRE ANNUNZIATA CITTA'	40.754069	14.448628
S01918	TORRE DE' PICENARDI	45.137198	10.286849
S07706	TORRE DEI PASSERI	42.244022	13.937525
S09803	TORRE DEL GRECO	40.787631	14.363159
S06015	TORRE DEL LAGO PUCCINI	43.826501	10.290287
S12053	TORRE DEL LAURO	38.041045	14.521179
S08019	TORRE IN PIETRA-PALIDORO	41.92432	12.183116
S11821	TORRE MELISSA	39.304391	17.108402
S11717	TORRE ORSAIA	40.099017	15.481204
S00524	TORRE PELLICE	44.818929	7.225901
S00545	TORRE S.GIORGIO	44.737375	7.525461
S00039	TORREBERETTI	45.060533	8.660431
S12061	TORREGROTTA	38.208376	15.352813
S11971	TORREMEZZO DI FALCONARA	39.277501	16.056628
S06817	TORRENIERI	43.086602	11.552385
S07011	TORRICELLA	43.159149	12.188249
S08600	TORRICOLA	41.809538	12.557716
S01853	TORRILE S.POLO	44.885677	10.362814
S09835	TORRIONE	40.670387	14.790334
S06854	TORRITA DI SIENA	43.174187	11.78758
S01810	TORTONA	44.900126	8.861777
S07801	TORTORETO LIDO	42.804562	13.939012
S03206	TORVISCOSA	45.826002	13.282358
S11961	TOSCANO	39.607566	16.707322
S12013	TRABIA	37.996408	13.65567
S01729	TRADATE	45.710355	8.906816
S11112	TRANI	41.272693	16.417646
S12100	TRAPANI	38.017092	12.518814
S00925	TRAPPA	44.185375	7.994435
S12123	TRAPPETO	38.065089	13.036873
S01142	TRAVEDONA BIANDRONNO	45.809601	8.696322
S03081	TRAVESIO	46.187141	12.876921
S08308	TRE CROCI	42.331525	12.086159
S02514	TREBASELEGHE	45.581509	12.040046
S07933	TREBBIO	43.552025	12.169218
S11808	TREBISACCE	39.865561	16.532173
S00252	TRECATE	45.428589	8.739561
S01706	TRECELLA	45.512792	9.480674
S12303	TREMESTIERI	38.150323	15.535528
S02038	TRENTO	46.072414	11.118941
S02013	TRENTO S.BARTOLAMEO	46.048274	11.13542
S02003	TRENTO S.CHIARA	46.056242	11.13624
S11143	TREPUZZI	40.40964	18.076902
S01437	TRESENDA-APRICA-TEGLIO	46.162082	10.083754
S05172	TRESIGALLO CORREGGI	-9.019376	4.511247
S07944	TRESTINA	43.352163	12.232818
S07218	TREVI	42.8762	12.733709
S01708	TREVIGLIO	45.515063	9.587919
S01601	TREVIGLIO OVEST	45.521762	9.580281
S02600	TREVIGNANO SIGNORESSA	45.74789	12.103123
S02712	TREVISO CENTRALE	45.659608	12.24614
S01065	TREZZANO SUL NAVIGLIO	45.422203	9.071196
S13190	TRICASE	0.0	4.511256
S03023	TRICESIMO-S.PELAGIO	46.159191	13.23485
S03213	TRIESTE AIRPORT	45.821406	13.486422
S03856	TRIESTE AQUILINIA	45.618107	13.806161
S03471	TRIESTE CAMPO MARZIO	45.645817	13.755161
S03317	TRIESTE CENTRALE	45.657456	13.771873
S09028	TRIFLISCO	-9.019376	4.511247
S13117	TRIGGIANO	0.0	4.511256
S00950	TRINITA' BENE VAGIENNA	44.504656	7.752647
S11106	TRINITAPOLI-S.FERDINANDO DI PUGLIA	41.349677	16.090839
S00176	TRINO VERCELLESE	45.190066	8.294093
S01485	TRIUGGIO-PONTE ALBIATE	45.658956	9.266961
S11452	TRIVIGNO	40.588598	15.997824
S00455	TROFARELLO	44.980471	7.735206
S09322	TROIA CASTELLUCCIO SAURI	41.319829	15.421123
S00275	TROMELLO	45.211988	8.872154
S00239	TRONZANO	45.342929	8.168395
S11760	TROPEA	38.672302	15.894568
S09013	TUFARA VALLE	-9.019376	4.511247
S09512	TUFO	41.013853	14.815962
S13154	TUGLIE	0.0	4.511256
S07000	TUORO SUL TRASIMENO	43.196631	12.0796
S01751	TURBIGO	45.528195	8.738948
S13101	TURI	0.0	4.511256
S12022	TUSA	38.007989	14.256693
S11140	TUTURANO	40.550726	17.979016
S09122	Traccia	40.858588	14.297962
S03026	UDINE	46.055791	13.242003
S03028	UDINE PARCO	46.052099	13.260401
S13158	UGENTO-TAURISANO	0.0	4.511256
S03006	UGOVIZZA VALBRUNA	46.502902	13.494972
S07949	UMBERTIDE	43.286047	12.340234
S12880	URAS MOGORO	39.692629	8.696459
S07306	URBISAGLIA SFORZACOSTA	43.25746	13.416932
S09467	URURI ROTELLO	41.801134	14.953072
S06025	VADA	43.352641	10.470376
S06602	VAGLIA	43.924442	11.284576
S11450	VAGLIO BASILICATA	40.656322	15.880105
S05136	VAIANO	43.961772	11.130773
S05011	VAIO OSPEDALE	44.84969	10.037909
S09203	VAIRANO-CAIANELLO	41.317446	14.104022
S08014	VAL D'ALA	41.939434	12.519809
S05177	VALCESURA	-9.019376	4.511247
S02110	VALDAORA-ANTERSELVA	46.769231	12.02898
S05117	VALDIBRANA	43.965434	10.909994
S00041	VALENZA	45.023527	8.625808
S13096	VALENZANO	0.0	4.511256
S13097	VALENZANO LAMIE	0.0	4.511256
S05160	VALLAZZA-CARBONARA PO	-9.019376	4.511247
S08329	VALLE AURELIA	41.899356	12.447667
S08512	VALLE DELL'ANIENE-MANDELA-SAMBUCI	42.016212	12.921976
S09304	VALLE DI MADDALONI	41.087558	14.426049
S09036	VALLE DI MADDALONI PES	41.113216	14.452653
S09705	VALLE DI MERCATO S.SEVERINO	40.776365	14.722362
S00037	VALLE LOMELLINA	45.150588	8.685874
S04502	VALLECROSIA	43.787619	7.634997
S12231	VALLEDOLMO	37.709073	13.756029
S12232	VALLELUNGA	37.691542	13.846428
S11709	VALLO DELLA LUCANIA-CASTELNUOVO	40.233316	15.266511
S00042	VALMADONNA	44.972588	8.610667
S01463	VALMADRERA	45.846439	9.368183
S08656	VALMONTONE	41.774291	12.923696
S00887	VALPERGA	45.369508	7.66101
S07214	VALTOPINA	43.05689	12.755068
S02103	VANDOIES	46.814822	11.723079
S01753	VANZAGHELLO - MAGNAGO	45.57772	8.787488
S01036	VANZAGO POGLIANO	45.525216	8.995531
S00022	VAPRIO D'AGOGNA	45.599085	8.536862
S00982	VARALLO POMBIA	45.670032	8.620047
S00100	VARALLO SESIA	45.815227	8.256606
S07500	VARANO	43.574729	13.523436
S04531	VARAZZE	44.356842	8.566682
S01084	VAREDO	45.595484	9.153228
S01411	VARENNA ESINO	46.015	9.286405
S01205	VARESE	45.816201	8.833089
S01739	VARESE CASBENO	45.814943	8.811327
S01738	VARESE NORD	45.818253	8.833547
S05052	VARIGNANA	44.436796	11.523078
S07824	VASTO S.SALVO	42.079832	14.739483
S08913	VASTOGIRARDI	41.739482	14.249334
S02513	VE ASSEGGIANO	45.499357	12.178101
S01736	VEDANO OLONA	45.777384	8.887088
S05979	VEGGIA	0.0	4.511256
S08734	VELLETRI	41.682421	12.780864
S01782	VELLO	45.753367	10.082333
S09060	VENAFRO	41.482975	14.048722
S00085	VENARIA REALE REGGIA	-9.019376	4.511247
S00084	VENARIA REALE RIGOLA STADIO	-9.019376	4.511247
S01734	VENEGONO INFERIORE	45.736735	8.895101
S01735	VENEGONO SUPERIORE - CASTIGLIONE OLONA	45.75817	8.890239
S12047	VENETICO	38.216502	15.367076
S02519	VENEZIA AEROPORTO	45.51182	12.341416
S02672	VENEZIA CARPENEDO	45.506697	12.247609
S02594	VENEZIA MARITTIMA	45.43995	12.320091
S02589	VENEZIA MESTRE	45.482123	12.232069
S02719	VENEZIA MESTRE GAZZERA	45.499546	12.222968
S02674	VENEZIA MESTRE OLIMPIA	45.493039	12.230275
S02517	VENEZIA MESTRE OSPEDALE	45.512927	12.225658
S02592	VENEZIA PORTO MARGHERA	45.472381	12.256536
S02593	VENEZIA S.LUCIA	45.441569	12.320882
S11302	VENOSA-MASCHITO	40.979136	15.846171
S04501	VENTIMIGLIA	43.792561	7.610224
S03018	VENZONE	46.331883	13.13549
S01013	VERBANIA-PALLANZA	45.943821	8.47224
S01404	VERCEIA	46.202832	9.458412
S00245	VERCELLI	45.329909	8.416028
S01523	VERCURAGO S.GIROLAMO	45.812122	9.422349
S01600	VERDELLO DALMINE	45.605715	9.619797
S05107	VERGATO	44.282723	11.114386
S01027	VERGIATE	45.717119	8.693187
S05197	VERGINESE	44.696077	11.825009
S00073	VERGNASCO	45.489282	8.091687
S00616	VERNANTE	44.244639	7.535986
S04733	VERNAZZA	44.134963	9.684804
S05135	VERNIO MONTEPIANO CANTAGALLO	44.043991	11.152342
S01903	VEROLANUOVA	45.324989	10.08388
S00170	VEROLENGO	45.193107	7.969511
S02061	VERONA CA` DI DAVID	45.384406	10.994897
S02430	VERONA PORTA NUOVA	45.428603	10.982377
S02433	VERONA PORTA VESCOVO	45.435552	11.018841
S00145	VERRES	45.659822	7.690012
S02115	VERSCIACO-ELMO	46.730904	12.327645
S00701	VERZUOLO	44.598767	7.48724
S00031	VESPOLATE	45.351517	8.671947
S08309	VETRALLA	42.304619	12.089137
S06171	VEZZANO LIGURE	44.127081	9.88928
S05942	VEZZOLA	0.0	4.511256
S06064	VIA CHIARI	-9.019376	4.511247
S05972	VIA LUNGA	0.0	4.511256
S01842	VIADANA BRESCIANA	45.373648	10.331792
S06040	VIAREGGIO	43.865947	10.257886
S11754	VIBO MARINA	38.713731	16.120199
S11789	VIBO VALENTIA-PIZZO	38.714593	16.139887
S06017	VICARELLO	43.609253	10.460442
S06700	VICCHIO	43.933463	11.457634
S02446	VICENZA	45.541102	11.540762
S08310	VICO MATRINO	42.278028	12.121681
S06150	VICOFERTILE	44.778436	10.25834
S00953	VICOFORTE S.MICHELE	44.37404	7.894687
S08511	VICOVARO	42.010183	12.888294
S01709	VIDALENGO	45.517854	9.639676
S09817	VIETRI SUL MARE-AMALFI	40.674996	14.726829
S00618	VIEVOLA	44.153353	7.569835
S05166	VIGARANO PIEVE	44.844462	11.540405
S01061	VIGEVANO	45.312712	8.861977
S00977	VIGLIANO CANDELO	45.557517	8.108475
S00802	VIGLIANO D'ASTI	44.827335	8.218271
S07412	VIGLIANO D`ABRUZZO	42.341675	13.231335
S08331	VIGNA CLARA PES	41.96827	12.409026
S08316	VIGNA DI VALLE	42.076863	12.210716
S00021	VIGNALE	45.478989	8.613132
S06032	VIGNALE RIOTORTO	42.967587	10.667255
S01704	VIGNATE	45.493946	9.374083
S05978	VIGNOLA	0.0	4.511256
S02528	VIGODARZERE	45.453289	11.891641
S00542	VIGONE	44.846923	7.491123
S02586	VIGONZA PIANIGA	45.442799	12.017977
S08399	VILLA BONELLI	41.84776	12.455223
S05022	VILLA CADE`	44.743203	10.519402
S11608	VILLA CASTELLI	40.523377	17.476149
S08714	VILLA CLAUDIA	41.484326	12.61709
S02523	VILLA DEL CONTE	45.607701	11.852518
S01439	VILLA DI TIRANO	46.196164	10.13033
S09003	VILLA LITERNO	41.004956	14.06753
S03466	VILLA OPICINA	45.6944	13.791142
S09024	VILLA ORTENSIA	-9.019376	4.511247
S07957	VILLA PITIGNANO	43.129211	12.466901
S01487	VILLA RAVERIO	45.690418	9.261549
S11778	VILLA S. GIOVANNI BOLANO	38.200739	15.635099
S11774	VILLA S.GIOVANNI	38.216638	15.634336
S11773	VILLA S.GIOVANNI CANNITELLO	38.23409	15.653246
S11775	VILLA S.GIOVANNI MARE	38.220912	15.632912
S07995	VILLA S.MARIA	-9.019376	4.511247
S08555	VILLA S.MICHELE	41.744825	14.238808
S08523	VILLA S.SEBASTIANO	42.049331	13.308271
S03209	VILLA VICENTINA	45.812922	13.395493
S02367	VILLABARTOLOMEA	45.153057	11.348728
S02112	VILLABASSA-BRAIES-VAL DI BRAIES	46.736492	12.167041
S12006	VILLABATE	38.086094	13.451314
S00001	VILLADOSSOLA	46.064151	8.264675
S02331	VILLAFRANCA DI VERONA	45.349801	10.849016
S00543	VILLAFRANCA P.	44.786739	7.510077
S12050	VILLAFRANCA TIRRENA-SAPONARA	38.233517	15.42892
S06166	VILLAFRANCA-BAGNONE	44.294399	9.948096
S00459	VILLAFRANCA-CANTARANA	44.908916	8.043692
S12233	VILLALBA	37.668526	13.885155
S05980	VILLALUNGA	0.0	4.511256
S04301	VILLALVERNIA	44.810592	8.855655
S01802	VILLAMAGGIORE	45.32045	9.190674
S12952	VILLAMASSARGIA DOMUSNOVAS	39.294811	8.641986
S05992	VILLANOVA	0.0	4.511256
S00092	VILLANOVA CANAVESE-GROSSO	45.248711	7.555472
S01962	VILLANOVA D'ARDA	45.028291	9.993291
S00278	VILLANOVA D'ARDENGHI	45.156982	9.037176
S00458	VILLANOVA D'ASTI	44.963159	7.947136
S02345	VILLANOVA DI REGGIOLO	44.915925	10.842455
S11809	VILLAPIANA LIDO	39.811234	16.490988
S11810	VILLAPIANA TORRE CERCHIARA	39.790568	16.479497
S12237	VILLAROSA	37.567205	14.200464
S01481	VILLASANTA PARCO	45.603434	9.304923
S12887	VILLASOR	39.381451	8.935907
S12956	VILLASPECIOSA UTA	39.304168	8.940501
S00600	VILLASTELLONE	44.920531	7.749572
S02145	VILLAVERLA MONTECCHIO	45.656998	11.524271
S02300	VILLAZZANO	46.045911	11.13906
S00135	VILLENEUVE	45.706648	7.213481
S08711	VILLETTA	41.738237	12.649463
S01916	VILLETTA MALAGNINO	45.137019	10.111943
S06322	VILLETTA S.ROMANO	44.146764	10.367565
S02222	VILPIANO-NALLES	46.554251	11.220143
S09457	VINCHIATURO	41.49385	14.59801
S02006	VIPITENO-VAL DI VIZZE	46.895732	11.440206
S01844	VISANO	45.31531	10.363098
S04100	VISONE	44.661951	8.500198
S08304	VITERBO PORTA FIORENTINA	42.425237	12.106204
S08306	VITERBO PORTA ROMANA	42.411974	12.110482
S12410	VITTORIA	36.958721	14.52499
S02733	VITTORIO VENETO	45.989946	12.29327
S01042	VITTUONE ARLUNO	45.491054	8.947299
S09310	VITULANO FOGLIANISE	41.163008	14.720027
S12391	VITUSO	37.160465	14.451623
S12273	VIZZINI-LICODIA	37.182566	14.729457
S01807	VOGHERA	44.9978	9.007942
S01008	VOGOGNA OSSOLA	46.005883	8.294664
S00880	VOLPIANO	45.20076	7.779825
S05807	VOLTANA	44.540369	11.93605
S06753	VOLTERRA SALINE-POMARANCE	43.35962	10.808269
S99999	Y	44.040219	10.854492
S08652	ZAGAROLO	41.821927	12.82692
S06425	ZAMBRA	43.825856	11.206206
S11758	ZAMBRONE	38.712738	15.976204
S12029	ZAPPULLA	38.116962	14.703086
S05163	ZERBINATE	-9.019376	4.511247
S00401	ZINASCO NUOVO	45.124555	8.999657
S04721	ZOAGLI	44.33546	9.269126
S05971	ZOLA CENTRO	0.0	4.511256
S05918	ZOLA CHIESA	0.0	4.511256
S13167	ZOLLINO	0.0	4.511256
